Index,Potability
10000,1.08381
10001,1.1223326
10002,0.89840806
10003,1.1578033
10004,1.1924691
10005,1.1613445
10006,0.83273065
10007,1.3468863
10008,1.109352
10009,1.052362
10010,0.9001514
10011,1.1506766
10012,1.1629928
10013,1.1557757
10014,1.2853572
10015,1.0838425
10016,1.1629928
10017,1.1644971
10018,1.1055249
10019,1.259201
10020,0.7881463
10021,1.1079111
10022,0.8732208
10023,1.2517135
10024,1.1313916
10025,1.1629928
10026,0.7944751
10027,0.95157784
10028,0.85533303
10029,1.1626121
10030,1.1264123
10031,0.6938072
10032,1.109352
10033,1.1629928
10034,1.4082701
10035,1.1154091
10036,1.1253182
10037,1.1944591
10038,0.95157784
10039,1.1253182
10040,1.0534747
10041,0.7898604
10042,1.1629928
10043,1.2537761
10044,0.95157784
10045,0.85533303
10046,1.1178043
10047,1.1483043
10048,1.2338346
10049,1.08381
10050,0.85533303
10051,1.1752902
10052,0.8033223
10053,0.85533303
10054,1.2696447
10055,1.0841498
10056,1.2026654
10057,1.109352
10058,1.109352
10059,1.1623374
10060,0.89747137
10061,1.109352
10062,0.75200397
10063,0.7743148
10064,1.3334922
10065,1.0929953
10066,0.85533303
10067,0.9915635
10068,1.1560206
10069,1.109352
10070,1.1110528
10071,0.89831525
10072,1.2514085
10073,0.85533303
10074,0.678451
10075,0.68141246
10076,1.1655966
10077,1.1253182
10078,1.0858293
10079,1.0450131
10080,1.1175972
10081,1.1629928
10082,1.0813074
10083,1.2194778
10084,0.84929264
10085,1.258351
10086,1.1253182
10087,1.4639732
10088,1.1557604
10089,1.1586425
10090,1.1520673
10091,1.1170826
10092,1.3604496
10093,1.1144816
10094,1.0834588
10095,1.109352
10096,1.1010681
10097,1.0078354
10098,1.1253182
10099,1.109352
10100,0.8572075
10101,1.1068003
10102,1.109352
10103,1.109352
10104,0.95157784
10105,1.1349969
10106,1.0838436
10107,0.9104836
10108,1.109352
10109,0.97198445
10110,1.2699674
10111,1.1253182
10112,1.1817514
10113,0.751523
10114,0.85533303
10115,1.109352
10116,0.85533303
10117,0.95157784
10118,1.109352
10119,1.1079111
10120,1.1649622
10121,1.1597018
10122,1.1176736
10123,1.1253182
10124,1.0331051
10125,0.92009205
10126,1.109352
10127,1.109352
10128,1.0846617
10129,0.9562765
10130,1.1601074
10131,1.131711
10132,1.2804072
10133,1.1120466
10134,1.0638525
10135,0.9489357
10136,1.1648217
10137,1.2616435
10138,1.1253182
10139,1.2757548
10140,1.2900126
10141,1.2073416
10142,0.82802653
10143,0.89831525
10144,0.94572955
10145,0.9929811
10146,1.0725639
10147,1.104665
10148,1.10058
10149,1.1279452
10150,0.8627392
10151,1.1187488
10152,1.1629928
10153,1.0438998
10154,1.1303166
10155,1.031327
10156,0.85533303
10157,0.8842661
10158,1.4144356
10159,1.1694025
10160,1.1058763
10161,1.1790435
10162,1.0812067
10163,1.2274419
10164,1.1639777
10165,0.85533303
10166,0.751523
10167,1.3298519
10168,0.7698645
10169,1.3064378
10170,0.7415236
10171,1.118655
10172,1.1253182
10173,1.1253182
10174,1.076611
10175,0.85533303
10176,0.8651458
10177,1.1354948
10178,1.0626969
10179,1.1205628
10180,1.1541196
10181,1.2918041
10182,1.1344973
10183,1.0017047
10184,1.1253182
10185,1.0969801
10186,1.1904025
10187,1.2849847
10188,1.1629928
10189,1.1280384
10190,1.1253182
10191,0.77091426
10192,0.68140835
10193,1.109352
10194,1.1746382
10195,1.0352982
10196,1.1253182
10197,1.4114826
10198,1.002969
10199,1.1386265
10200,0.97296435
10201,1.1609291
10202,0.751523
10203,0.948949
10204,1.1560147
10205,0.78579164
10206,1.1629928
10207,1.1644553
10208,1.1113722
10209,1.1404959
10210,1.1616299
10211,0.9204902
10212,1.1629928
10213,0.95157784
10214,0.7944751
10215,1.1659077
10216,1.1826477
10217,1.109352
10218,0.8087525
10219,1.1860305
10220,1.2167524
10221,1.4946656
10222,1.2346927
10223,1.3468863
10224,1.2801818
10225,0.85507196
10226,1.1094869
10227,1.2549977
10228,1.0923408
10229,1.1665363
10230,1.1168222
10231,1.1273562
10232,0.95157784
10233,1.1481318
10234,1.1170955
10235,0.9410708
10236,1.4144263
10237,1.158871
10238,1.4115461
10239,1.2406862
10240,1.1537156
10241,1.1075863
10242,1.0088928
10243,1.110748
10244,1.1247581
10245,1.0162731
10246,1.1203171
10247,1.2611142
10248,1.1640928
10249,1.2437857
10250,0.89476055
10251,1.0540012
10252,1.1560147
10253,0.7458378
10254,0.7511114
10255,1.1047
10256,1.1095041
10257,1.1437683
10258,1.1094217
10259,1.2324716
10260,1.133852
10261,1.1102229
10262,1.1629928
10263,1.109352
10264,0.935646
10265,1.1541196
10266,1.109352
10267,0.85533303
10268,1.131711
10269,1.1673582
10270,1.1927549
10271,0.95157784
10272,1.0703322
10273,1.1094217
10274,1.1418973
10275,0.85066634
10276,1.109352
10277,1.109352
10278,1.1262037
10279,1.1510473
10280,1.1051456
10281,1.1675353
10282,1.0796192
10283,1.1187826
10284,0.85533303
10285,1.4139435
10286,1.253421
10287,0.7217388
10288,1.1687114
10289,1.162638
10290,0.751523
10291,0.9964714
10292,0.95157784
10293,1.1002437
10294,0.6020196
10295,1.1085589
10296,0.85533303
10297,0.85533303
10298,0.8461756
10299,1.1213064
10300,1.127278
10301,1.1425203
10302,1.0780301
10303,1.0651425
10304,0.85388666
10305,1.079837
10306,0.8654063
10307,1.2499299
10308,0.751523
10309,1.109352
10310,1.1048384
10311,1.0986263
10312,0.9555595
10313,1.2194778
10314,1.1003549
10315,1.1535608
10316,1.131711
10317,1.2773862
10318,1.0913135
10319,1.109352
10320,0.87051195
10321,1.4101812
10322,0.79479766
10323,1.276739
10324,1.1548855
10325,1.004152
10326,1.1463208
10327,1.2335958
10328,1.068055
10329,1.109352
10330,1.1687114
10331,1.1626984
10332,1.1653833
10333,1.2227099
10334,1.2137902
10335,1.1337857
10336,0.9470478
10337,1.1401224
10338,1.1010681
10339,1.1253182
10340,0.751523
10341,1.1222141
10342,1.2048734
10343,1.109352
10344,0.82719576
10345,1.0655969
10346,1.1629928
10347,1.0861691
10348,1.1184423
10349,0.85523206
10350,1.1629928
10351,1.1694536
10352,1.1629928
10353,0.96905696
10354,1.1225694
10355,0.85449654
10356,1.1604072
10357,1.2121366
10358,0.89101803
10359,1.1687596
10360,1.0913135
10361,1.2415632
10362,1.07105
10363,1.1272119
10364,0.7439222
10365,1.0826364
10366,1.1467739
10367,1.1629928
10368,0.95157784
10369,1.0984544
10370,1.3732682
10371,0.9741644
10372,1.1613792
10373,1.2050518
10374,1.1312965
10375,1.1467739
10376,1.1924633
10377,1.1000721
10378,1.1246326
10379,1.0307544
10380,1.1629928
10381,1.1629928
10382,1.1686933
10383,1.1253182
10384,1.109352
10385,1.1119276
10386,1.1532922
10387,1.1342554
10388,0.74549943
10389,1.1063669
10390,1.109352
10391,1.1639777
10392,0.8734511
10393,1.0825158
10394,1.1094217
10395,0.7401561
10396,0.60677665
10397,0.9077844
10398,1.1519849
10399,0.82719576
10400,1.109352
10401,1.0838436
10402,1.1918353
10403,0.85877174
10404,1.1543314
10405,1.1802886
10406,1.2011207
10407,1.130654
10408,1.1667613
10409,1.1527648
10410,0.85610723
10411,1.1095141
10412,1.4084011
10413,0.83606946
10414,1.1174546
10415,1.1199023
10416,1.1473936
10417,1.117524
10418,1.3398297
10419,0.9071586
10420,1.1629928
10421,0.8553135
10422,1.0108778
10423,1.1558428
10424,1.1253182
10425,1.2028457
10426,1.1774848
10427,1.109352
10428,1.1629928
10429,1.1984439
10430,1.112458
10431,1.1485752
10432,0.95157784
10433,1.320469
10434,1.13537
10435,1.0540147
10436,1.1253182
10437,0.9984582
10438,0.85542953
10439,1.1514688
10440,1.4946337
10441,1.1559343
10442,1.2005379
10443,0.7471967
10444,1.176047
10445,1.1832244
10446,0.751523
10447,1.1788574
10448,1.0812705
10449,1.2888131
10450,1.1660713
10451,1.109352
10452,1.1904025
10453,1.1482831
10454,0.87372065
10455,1.1536614
10456,1.4115461
10457,0.9869811
10458,0.85533303
10459,1.1329459
10460,0.7532556
10461,1.2022309
10462,1.1268755
10463,1.0823288
10464,1.1244749
10465,1.1121733
10466,1.1629928
10467,1.173927
10468,1.0954466
10469,1.109352
10470,0.86325306
10471,1.112458
10472,1.0534577
10473,0.91332906
10474,1.109352
10475,1.1352445
10476,1.1171774
10477,1.1382494
10478,0.95157784
10479,1.1002437
10480,0.94296676
10481,1.2274132
10482,1.4144356
10483,1.1072209
10484,0.7986419
10485,1.1358649
10486,0.99082077
10487,0.97075564
10488,1.371261
10489,1.2806544
10490,1.2762825
10491,1.1627647
10492,1.0890931
10493,1.0984913
10494,1.0765257
10495,1.1003826
10496,1.109352
10497,0.804592
10498,1.109352
10499,1.109352
10500,1.1629928
10501,1.1920854
10502,1.1485827
10503,0.75292706
10504,0.85523254
10505,1.0650594
10506,1.0935105
10507,0.8637194
10508,1.1519849
10509,0.8729958
10510,0.82913196
10511,1.1646047
10512,1.2934265
10513,1.162623
10514,1.1079111
10515,1.1254214
10516,1.0984119
10517,0.78579164
10518,1.1619334
10519,1.1983347
10520,1.109352
10521,1.0866817
10522,1.1977891
10523,1.3934175
10524,1.1952621
10525,1.1052897
10526,0.79875684
10527,0.9853888
10528,1.2007934
10529,1.0788561
10530,1.2267292
10531,1.2162466
10532,0.9984582
10533,1.1639076
10534,1.109352
10535,1.1904025
10536,0.8328549
10537,1.1253182
10538,1.109352
10539,0.7277326
10540,1.1629928
10541,1.1556664
10542,1.2479548
10543,1.1483375
10544,1.0812067
10545,1.0499854
10546,1.149136
10547,1.1120399
10548,0.8071017
10549,1.109352
10550,1.1253182
10551,0.89846456
10552,1.1564397
10553,1.3149089
10554,1.1336102
10555,1.1945362
10556,1.097178
10557,1.0926358
10558,1.2194778
10559,1.109352
10560,1.398641
10561,1.1606286
10562,1.3086932
10563,1.4730663
10564,0.80313927
10565,0.95157784
10566,1.0810525
10567,0.75205344
10568,0.76557696
10569,1.1051676
10570,0.8450732
10571,0.83327276
10572,1.109352
10573,1.2496872
10574,1.071418
10575,0.87372065
10576,1.186251
10577,1.1434335
10578,1.2603272
10579,1.109352
10580,0.7189156
10581,1.1626225
10582,1.1379786
10583,1.2439137
10584,0.7695937
10585,1.109352
10586,1.1357315
10587,1.1126978
10588,1.4460379
10589,1.1690947
10590,1.1629928
10591,1.0673554
10592,0.95157784
10593,1.109352
10594,1.1667634
10595,1.0345324
10596,1.1400362
10597,1.1253182
10598,1.0530221
10599,1.1616299
10600,1.1254214
10601,1.1011757
10602,1.1339217
10603,1.109352
10604,1.0519203
10605,1.109352
10606,1.109352
10607,1.1306369
10608,1.1629928
10609,1.0035229
10610,1.1469587
10611,0.67395085
10612,1.1717275
10613,1.1121421
10614,1.1033328
10615,0.99082077
10616,1.2336276
10617,1.109352
10618,1.1632844
10619,1.1899209
10620,1.0830508
10621,1.0680214
10622,1.0417386
10623,0.74003226
10624,1.0921357
10625,1.2761803
10626,0.751523
10627,1.2103461
10628,1.120933
10629,1.170556
10630,1.109352
10631,1.109352
10632,1.0548484
10633,0.97319144
10634,1.109352
10635,1.1253182
10636,1.1543195
10637,1.079837
10638,1.2064675
10639,1.2420032
10640,1.1629928
10641,0.8801196
10642,0.85533303
10643,1.109352
10644,1.1175658
10645,0.85533303
10646,1.0838436
10647,1.2725961
10648,0.95157784
10649,1.105335
10650,1.1511629
10651,1.0541037
10652,1.1095141
10653,1.1450934
10654,1.1442941
10655,0.9094588
10656,1.0915723
10657,1.193495
10658,1.100464
10659,1.0329136
10660,0.8297109
10661,1.1213952
10662,1.4140817
10663,1.1802886
10664,1.109352
10665,1.2881944
10666,1.1629928
10667,1.0676147
10668,1.2406743
10669,0.855062
10670,1.1513644
10671,1.4052503
10672,1.109352
10673,1.1275475
10674,1.1587027
10675,1.4002995
10676,0.9915635
10677,1.1644171
10678,1.192752
10679,0.95157784
10680,1.0943526
10681,1.0682194
10682,1.1541402
10683,1.1045076
10684,1.1557604
10685,0.85408163
10686,1.1103525
10687,1.004152
10688,0.8532829
10689,0.78579164
10690,1.133696
10691,1.181154
10692,1.2966101
10693,1.0840994
10694,0.87372065
10695,1.0402452
10696,1.1676699
10697,1.1629928
10698,1.0271446
10699,1.109352
10700,1.1656514
10701,1.2364786
10702,0.9796271
10703,1.0858431
10704,1.1878991
10705,1.1081281
10706,1.2108572
10707,0.8718678
10708,0.7234596
10709,1.1609039
10710,1.211881
10711,1.1629928
10712,1.109352
10713,1.1272461
10714,1.2194278
10715,1.212914
10716,1.1079242
10717,1.1904025
10718,0.7485535
10719,1.1304402
10720,1.1556833
10721,0.85533303
10722,1.1244578
10723,1.1639777
10724,1.2566222
10725,1.0497203
10726,1.1506766
10727,1.2959108
10728,1.1316309
10729,0.7574829
10730,1.109352
10731,0.85505545
10732,1.1072298
10733,1.2695714
10734,0.84383905
10735,1.1432351
10736,1.248085
10737,1.0711439
10738,0.87252706
10739,1.047686
10740,1.1904025
10741,1.109352
10742,1.1924633
10743,0.95145786
10744,1.109352
10745,1.068055
10746,1.1565329
10747,1.109352
10748,0.8933158
10749,1.1609291
10750,1.2042521
10751,0.85533303
10752,0.751523
10753,0.9732053
10754,1.1634723
10755,1.107916
10756,1.109352
10757,1.1629928
10758,0.85533303
10759,0.9018966
10760,1.1513557
10761,1.079837
10762,1.1379304
10763,0.8784962
10764,0.8729316
10765,0.85533303
10766,0.751523
10767,1.1858597
10768,1.1037136
10769,0.86286056
10770,1.109352
10771,1.1597117
10772,0.88034743
10773,1.1629928
10774,1.1630323
10775,0.7630757
10776,1.4946183
10777,1.1644211
10778,1.1629928
10779,1.2533717
10780,1.1629928
10781,1.1094217
10782,1.2782651
10783,0.9229851
10784,0.68415534
10785,1.1138513
10786,1.109352
10787,1.2439137
10788,0.85533303
10789,1.1072192
10790,1.3817302
10791,1.1185752
10792,1.0138658
10793,1.109352
10794,1.1072209
10795,0.88039804
10796,1.1619334
10797,0.751523
10798,1.109352
10799,1.10924
10800,0.8440887
10801,1.117524
10802,1.1068943
10803,0.8561285
10804,1.0869004
10805,1.1053746
10806,1.1394318
10807,1.4181415
10808,1.1705251
10809,1.3130054
10810,1.1454043
10811,1.1299914
10812,0.85533303
10813,0.89318734
10814,1.1639777
10815,1.0517986
10816,1.1009347
10817,1.0530221
10818,1.0649366
10819,1.0680572
10820,1.1187102
10821,1.2986526
10822,1.0656563
10823,1.0896132
10824,0.69670886
10825,1.0706176
10826,1.164073
10827,0.9207193
10828,0.85533303
10829,0.8530962
10830,1.2593751
10831,1.180255
10832,1.1720619
10833,1.109352
10834,1.0342437
10835,1.1797833
10836,1.1253182
10837,1.1802522
10838,0.85533303
10839,1.2329943
10840,1.0783399
10841,1.0858293
10842,0.98932254
10843,0.89525574
10844,1.1253182
10845,1.1687433
10846,1.1253827
10847,0.93075186
10848,0.8706549
10849,1.1121421
10850,1.1687433
10851,1.0611713
10852,1.1095041
10853,1.1074969
10854,1.2728798
10855,1.1253182
10856,0.89318734
10857,1.1629928
10858,1.0335116
10859,1.1365706
10860,1.0551914
10861,0.91352797
10862,1.109352
10863,1.1050701
10864,0.85533303
10865,1.1876837
10866,1.1469728
10867,1.1629928
10868,0.7482113
10869,1.1437064
10870,1.109352
10871,1.2575673
10872,1.2439137
10873,1.1131798
10874,0.74523044
10875,1.0451225
10876,0.92787653
10877,0.8460236
10878,1.0820779
10879,0.841626
10880,0.73919046
10881,1.1796031
10882,0.939631
10883,0.70563954
10884,1.1253182
10885,1.1629928
10886,1.1253182
10887,1.0823375
10888,1.109352
10889,1.2405249
10890,1.1629928
10891,0.93753624
10892,1.0344222
10893,0.7498683
10894,1.4002963
10895,0.6776198
10896,0.9973629
10897,1.1921453
10898,0.9702877
10899,1.212152
10900,1.1519849
10901,1.2107887
10902,0.88752496
10903,1.109352
10904,1.4150894
10905,1.1556833
10906,0.84448725
10907,0.7511636
10908,1.109352
10909,1.109352
10910,1.0681217
10911,1.0694001
10912,1.109352
10913,1.1296808
10914,1.079837
10915,0.85523903
10916,1.1639777
10917,0.94195855
10918,1.1061454
10919,1.1609291
10920,0.7944751
10921,0.79447514
10922,1.4112083
10923,1.4166629
10924,1.1113149
10925,1.1629928
10926,1.0534577
10927,1.1094217
10928,1.1629928
10929,1.109352
10930,1.1612318
10931,1.1903933
10932,1.108142
10933,1.1653563
10934,1.4390479
10935,0.8955158
10936,1.1367987
10937,1.122694
10938,0.95157784
10939,0.89496744
10940,1.3304185
10941,1.072437
10942,1.1659541
10943,1.1296041
10944,1.1159426
10945,1.1629928
10946,1.1335267
10947,1.109352
10948,1.2457294
10949,1.1946206
10950,1.1653563
10951,1.1829462
10952,1.125386
10953,1.1253182
10954,1.1253182
10955,1.2226461
10956,1.1184963
10957,1.1254214
10958,1.2485094
10959,1.1106356
10960,0.7822047
10961,1.1758018
10962,1.109352
10963,1.131785
10964,1.1627376
10965,0.8549799
10966,1.1339464
10967,0.99350005
10968,1.1122118
10969,1.1010681
10970,1.1400218
10971,1.0853176
10972,0.6780394
10973,1.1514809
10974,1.0867658
10975,1.0035212
10976,0.678451
10977,1.1121628
10978,1.2173791
10979,1.0499854
10980,1.1385396
10981,1.1453853
10982,1.1855791
10983,1.1598507
10984,1.109352
10985,1.1619203
10986,1.1093944
10987,1.1693931
10988,1.1629928
10989,1.1616249
10990,0.9600448
10991,1.327724
10992,1.1203171
10993,1.0780301
10994,1.0794064
10995,1.1380687
10996,0.7514222
10997,1.3406122
10998,1.161874
10999,1.1706896
11000,0.91886044
11001,1.058724
11002,1.1481318
11003,1.109352
11004,0.74166334
11005,0.86986524
11006,0.7019535
11007,1.1094418
11008,1.2050326
11009,0.7590919
11010,1.2704713
11011,1.2320741
11012,0.7518435
11013,1.133852
11014,1.4144263
11015,1.1652982
11016,1.109352
11017,1.079837
11018,1.0620102
11019,0.77091426
11020,0.95157784
11021,0.85533303
11022,1.1427679
11023,0.85533303
11024,0.80749947
11025,1.1629928
11026,0.67856795
11027,1.1482598
11028,1.1240011
11029,0.751523
11030,1.2492585
11031,1.1197456
11032,0.77095413
11033,1.0411782
11034,1.0520439
11035,1.1133164
11036,1.0386958
11037,1.1047
11038,1.109352
11039,1.1519849
11040,1.303469
11041,1.1963271
11042,1.0631448
11043,0.86325306
11044,1.4119991
11045,1.1645466
11046,0.85494214
11047,1.4075047
11048,1.1354157
11049,1.1047
11050,1.1596116
11051,1.1997372
11052,1.109352
11053,1.109352
11054,1.0164241
11055,1.2573938
11056,1.0468541
11057,1.0898781
11058,1.1141114
11059,1.1712484
11060,1.1613055
11061,1.2206957
11062,0.7701565
11063,1.165641
11064,0.9544249
11065,0.784453
11066,0.840624
11067,0.95157784
11068,0.85533303
11069,1.0510734
11070,1.0497203
11071,1.1037136
11072,0.6726555
11073,1.2210183
11074,1.1320971
11075,1.0793226
11076,0.9351945
11077,1.1253182
11078,1.109352
11079,1.1670028
11080,1.1495875
11081,1.3837152
11082,1.2457294
11083,1.1303868
11084,0.83303094
11085,1.1699866
11086,0.7517846
11087,1.1688645
11088,1.1512594
11089,1.1046839
11090,1.1802886
11091,1.0017844
11092,0.80691624
11093,0.85533303
11094,0.78985745
11095,1.4323554
11096,0.9189404
11097,1.109352
11098,0.71141666
11099,0.85533303
11100,1.1626225
11101,1.125386
11102,0.786306
11103,1.109352
11104,0.87375253
11105,1.110242
11106,1.3304185
11107,1.109352
11108,1.3076687
11109,1.2730457
11110,1.1557604
11111,0.96735907
11112,1.4881135
11113,1.1490077
11114,1.0782845
11115,0.85533303
11116,1.1561825
11117,0.97556406
11118,1.1560147
11119,0.85533303
11120,1.1556833
11121,0.85533303
11122,1.0840485
11123,1.1190944
11124,1.1499356
11125,0.8634221
11126,1.1145668
11127,1.3163352
11128,1.1159484
11129,1.112458
11130,1.1119276
11131,1.2862144
11132,1.1629928
11133,0.97731197
11134,1.1941308
11135,1.330575
11136,1.078964
11137,1.0641384
11138,1.1253182
11139,1.0647749
11140,0.95157784
11141,1.0153662
11142,1.1519849
11143,1.1112964
11144,1.1629928
11145,1.1147524
11146,1.1679766
11147,0.78493553
11148,1.1742318
11149,0.87281865
11150,1.2250319
11151,1.1174227
11152,1.0824927
11153,1.109352
11154,1.1121421
11155,0.8512947
11156,0.789758
11157,1.173927
11158,0.89823145
11159,0.85538256
11160,1.0842957
11161,0.64164495
11162,1.2282264
11163,1.1265408
11164,1.109352
11165,1.1253182
11166,1.244005
11167,1.1541196
11168,1.109352
11169,1.1110634
11170,1.1064222
11171,1.109352
11172,1.1342672
11173,0.8561618
11174,1.0707916
11175,1.1111599
11176,1.1170955
11177,0.89831525
11178,1.1722473
11179,1.1832244
11180,1.1253182
11181,1.1924627
11182,1.1941409
11183,0.751523
11184,1.0983721
11185,1.1629928
11186,1.4429754
11187,0.8745694
11188,1.1541196
11189,1.1629928
11190,1.3392613
11191,1.166596
11192,1.1205677
11193,1.109352
11194,1.109352
11195,0.9696001
11196,1.109352
11197,1.1937387
11198,1.1530881
11199,1.040251
11200,1.1401598
11201,1.0347621
11202,0.7981143
11203,0.97618824
11204,0.8317894
11205,1.133696
11206,1.1297518
11207,1.1170955
11208,0.97341657
11209,0.7248873
11210,0.85533303
11211,0.95157784
11212,1.1046889
11213,1.1714438
11214,1.1186005
11215,1.1629928
11216,1.139587
11217,0.751523
11218,1.109352
11219,1.1586425
11220,1.0840485
11221,1.1318308
11222,1.592779
11223,1.109352
11224,0.85533303
11225,0.8745658
11226,0.67877614
11227,1.3037301
11228,1.1557757
11229,1.1629928
11230,1.2916913
11231,0.68141925
11232,1.2716912
11233,0.80082536
11234,1.0920678
11235,0.87359667
11236,1.0918726
11237,0.85533303
11238,1.109352
11239,0.93562114
11240,1.2066139
11241,1.110723
11242,1.0964131
11243,1.1253827
11244,1.1980765
11245,1.1253182
11246,1.0810461
11247,0.7879515
11248,1.109352
11249,1.1193722
11250,1.068055
11251,1.1570046
11252,1.109352
11253,0.85533303
11254,1.1650985
11255,1.1261147
11256,1.109352
11257,1.0920678
11258,1.20764
11259,1.4573842
11260,1.079837
11261,0.83331895
11262,1.1629928
11263,1.1205628
11264,1.0190847
11265,1.3022746
11266,1.1094217
11267,0.8785933
11268,1.2439868
11269,0.99077815
11270,1.1028556
11271,1.1253182
11272,1.109352
11273,1.109352
11274,1.1886874
11275,1.220841
11276,0.95157784
11277,1.109747
11278,1.0397489
11279,1.1562618
11280,1.0913398
11281,1.1650367
11282,1.0810347
11283,1.2916913
11284,1.1033986
11285,1.4035058
11286,1.109352
11287,1.1171266
11288,0.9557091
11289,1.2898161
11290,1.1272149
11291,1.109352
11292,1.4107872
11293,0.9734387
11294,1.1092968
11295,1.2516263
11296,1.1560206
11297,1.1633153
11298,1.1613232
11299,1.1330887
11300,1.2307203
11301,1.1442941
11302,1.109352
11303,0.74541825
11304,1.0871214
11305,1.109352
11306,0.94907385
11307,1.108142
11308,1.1253182
11309,1.2066139
11310,0.751523
11311,1.1150285
11312,0.85173607
11313,1.1050969
11314,1.0590854
11315,1.0085628
11316,1.1674207
11317,0.95157784
11318,0.751523
11319,1.0749892
11320,1.1653162
11321,1.084099
11322,1.190192
11323,1.1486634
11324,1.321742
11325,1.3513788
11326,1.1453499
11327,1.2571819
11328,1.1538931
11329,1.1639777
11330,0.85533303
11331,1.1240609
11332,1.0913398
11333,0.8954293
11334,1.125386
11335,1.4274666
11336,0.90756124
11337,1.1253182
11338,1.0548178
11339,1.1010721
11340,1.1629928
11341,1.0015335
11342,1.1513894
11343,1.1493778
11344,1.1934779
11345,1.0694337
11346,1.151217
11347,1.3155612
11348,1.1169744
11349,1.1209483
11350,0.9590205
11351,1.0664078
11352,1.1130983
11353,0.77719927
11354,1.1519202
11355,0.85533303
11356,1.2526985
11357,1.1675229
11358,1.0993999
11359,1.013876
11360,1.1825727
11361,1.0810525
11362,1.1961793
11363,1.1846204
11364,1.109352
11365,1.0817641
11366,0.85533303
11367,1.1296452
11368,1.0184579
11369,1.1825763
11370,1.1099056
11371,1.109352
11372,1.1253182
11373,0.85533303
11374,1.1092582
11375,1.1010721
11376,1.1293337
11377,1.1072192
11378,1.073225
11379,0.72052467
11380,1.109352
11381,1.1431553
11382,1.1517495
11383,1.0399061
11384,0.85533303
11385,1.1006548
11386,1.1110617
11387,0.85533303
11388,1.1629928
11389,0.96584666
11390,0.9177856
11391,1.1051456
11392,1.109352
11393,1.288116
11394,1.1597117
11395,0.85533303
11396,1.1637694
11397,1.1654038
11398,1.1104344
11399,1.1171333
11400,0.75127095
11401,1.1010721
11402,1.1094217
11403,1.2299383
11404,1.052041
11405,1.154188
11406,0.94487315
11407,0.7682603
11408,1.154202
11409,1.0936749
11410,1.0812865
11411,0.87372065
11412,1.0416491
11413,0.8654522
11414,1.1629928
11415,0.9146807
11416,1.1253182
11417,1.1696497
11418,1.1047
11419,0.7058674
11420,1.109352
11421,1.1642044
11422,1.1629928
11423,1.1948496
11424,1.0762564
11425,1.0833288
11426,1.2335938
11427,1.1010721
11428,1.1461638
11429,1.083094
11430,1.1842493
11431,1.1633089
11432,1.1319479
11433,1.0429314
11434,1.1596127
11435,1.2726266
11436,0.95157784
11437,1.2404867
11438,1.1253182
11439,1.0138658
11440,1.1201068
11441,1.2210263
11442,1.1095041
11443,0.67395085
11444,1.1493293
11445,0.97232825
11446,0.85533303
11447,1.3427224
11448,1.0902798
11449,1.1629928
11450,1.1560147
11451,1.275764
11452,1.1302245
11453,1.109352
11454,0.80749947
11455,1.079837
11456,1.1832244
11457,1.2986526
11458,1.109352
11459,1.2459036
11460,1.1629928
11461,0.72841513
11462,1.3713152
11463,0.91981894
11464,1.1079111
11465,1.3075132
11466,0.7515403
11467,0.85533303
11468,0.95157784
11469,1.0907099
11470,0.8609944
11471,0.85533303
11472,1.0916617
11473,1.07105
11474,1.0824927
11475,1.2329462
11476,1.109352
11477,1.058799
11478,0.85533303
11479,1.109352
11480,1.1094217
11481,0.7463311
11482,0.85533303
11483,0.85494506
11484,1.1936336
11485,1.109352
11486,1.3308191
11487,1.105335
11488,1.0442686
11489,0.95157784
11490,1.1337857
11491,1.133679
11492,1.1561397
11493,1.121063
11494,1.1168222
11495,1.1554239
11496,1.1300389
11497,1.109352
11498,1.1649213
11499,1.1389607
11500,1.1212165
11501,1.1327306
11502,1.1279153
11503,0.8707923
11504,1.1253182
11505,1.2305125
11506,1.125386
11507,1.106246
11508,1.0811847
11509,0.7826175
11510,0.95157784
11511,0.9089981
11512,1.07105
11513,1.109352
11514,0.85533303
11515,1.1667634
11516,1.109352
11517,1.1178498
11518,1.1597117
11519,1.2539797
11520,1.4084011
11521,1.109352
11522,1.0149336
11523,1.117524
11524,1.1340206
11525,1.0380672
11526,0.87372065
11527,0.85349673
11528,1.1622357
11529,1.26815
11530,1.1094217
11531,1.4503422
11532,0.751523
11533,0.89357764
11534,1.034383
11535,1.3085212
11536,1.109352
11537,1.1136911
11538,1.2562321
11539,1.3538903
11540,1.2947446
11541,1.1047
11542,1.2499299
11543,1.1171266
11544,1.1692324
11545,0.95157784
11546,0.99082077
11547,1.1541196
11548,1.2641233
11549,0.751523
11550,1.151568
11551,0.9797219
11552,1.1219462
11553,1.1010681
11554,0.85533303
11555,0.95157784
11556,1.1029547
11557,1.12247
11558,1.0201842
11559,1.2459036
11560,1.4125681
11561,1.0841228
11562,0.92837065
11563,1.3304185
11564,1.4067738
11565,0.78048563
11566,1.109352
11567,1.0877347
11568,0.6784332
11569,1.109352
11570,0.784453
11571,1.1685536
11572,1.1560147
11573,0.85011625
11574,0.95157784
11575,1.052041
11576,1.1050882
11577,0.695825
11578,0.85533303
11579,1.1169429
11580,1.2476475
11581,1.0569931
11582,0.85533303
11583,1.109352
11584,0.9531309
11585,1.108142
11586,1.1168222
11587,0.85533303
11588,0.81532854
11589,0.751523
11590,1.1467723
11591,1.1068943
11592,1.0786364
11593,1.2103461
11594,1.08381
11595,1.1629928
11596,0.9628579
11597,1.0881522
11598,1.109352
11599,1.1597117
11600,1.1510473
11601,1.109352
11602,0.85533303
11603,1.109352
11604,0.89829963
11605,1.004152
11606,1.0071356
11607,1.0256946
11608,1.2492585
11609,0.85533303
11610,1.1675595
11611,1.1011418
11612,1.1122754
11613,1.1010721
11614,1.1629928
11615,1.1253182
11616,1.1388324
11617,1.1399127
11618,1.2444459
11619,1.1460898
11620,1.1656387
11621,1.2038141
11622,0.806528
11623,1.1622548
11624,1.4301103
11625,0.8488488
11626,0.85533303
11627,1.1401224
11628,0.678451
11629,1.2664143
11630,1.0635961
11631,0.87372065
11632,1.1253182
11633,1.2194778
11634,1.0264672
11635,0.84476864
11636,1.1670547
11637,1.109352
11638,1.165548
11639,0.9790608
11640,1.109352
11641,1.1253182
11642,1.0855436
11643,1.1496072
11644,1.08381
11645,1.1132634
11646,1.0729275
11647,1.1253182
11648,1.1629928
11649,1.0855436
11650,1.152214
11651,1.109352
11652,0.9000278
11653,1.4114332
11654,0.8954471
11655,1.0177748
11656,0.9555595
11657,1.1037136
11658,1.1374424
11659,1.0089115
11660,0.95157784
11661,1.1176431
11662,1.3477764
11663,1.1337293
11664,1.1656369
11665,1.2215313
11666,1.1544771
11667,1.109352
11668,1.125386
11669,1.0939124
11670,1.1453853
11671,1.1253182
11672,0.85533303
11673,1.1164871
11674,0.8506161
11675,0.85533303
11676,1.1718493
11677,1.1084589
11678,1.1948465
11679,1.0265163
11680,1.1380687
11681,1.1694533
11682,1.088576
11683,1.3429923
11684,1.0386543
11685,1.148501
11686,1.1171721
11687,1.050627
11688,1.1228096
11689,1.108142
11690,0.74572885
11691,1.1404959
11692,1.1802522
11693,0.8546219
11694,0.95157784
11695,0.8532829
11696,1.1707517
11697,1.1541196
11698,1.1195714
11699,0.88035256
11700,1.1629928
11701,1.1253182
11702,1.1350372
11703,1.0245587
11704,0.8104491
11705,0.78452635
11706,1.1094357
11707,1.0862654
11708,0.9562145
11709,1.1696979
11710,1.1493778
11711,1.159268
11712,0.85533303
11713,1.0813123
11714,0.784453
11715,1.0917686
11716,0.9628824
11717,0.9628579
11718,1.1629928
11719,1.1596116
11720,0.93541
11721,0.751935
11722,1.123839
11723,1.1094217
11724,1.1186309
11725,1.0823288
11726,1.2325546
11727,1.109352
11728,1.2583251
11729,1.2616905
11730,1.1091279
11731,1.2062495
11732,1.0548861
11733,1.1596116
11734,0.99250823
11735,0.751523
11736,1.1629928
11737,1.1792854
11738,0.8532829
11739,1.1625715
11740,1.1380687
11741,1.0954511
11742,0.76533175
11743,0.71482986
11744,1.2643155
11745,1.1629928
11746,1.09375
11747,1.2180215
11748,1.109352
11749,1.1176431
11750,1.200107
11751,1.0853215
11752,0.8607164
11753,0.9025304
11754,0.8551971
11755,1.0696261
11756,1.1253208
11757,1.0893968
11758,0.85533303
11759,1.1764567
11760,1.4475093
11761,1.1104037
11762,1.1629928
11763,0.79004365
11764,0.751523
11765,1.1931973
11766,0.82470983
11767,1.109352
11768,0.9679562
11769,1.1281639
11770,0.85504067
11771,1.109352
11772,1.1319215
11773,0.85533303
11774,1.1650367
11775,1.1253182
11776,1.0070225
11777,1.1949508
11778,1.0076607
11779,1.0768212
11780,1.1010721
11781,1.1387973
11782,1.109352
11783,1.0152724
11784,1.109352
11785,1.109352
11786,1.1297562
11787,1.109352
11788,1.101834
11789,1.1253182
11790,1.0973058
11791,0.95157784
11792,1.0849773
11793,0.87380874
11794,1.0801709
11795,1.2329233
11796,0.73534286
11797,1.4331771
11798,1.11116
11799,1.1042883
11800,0.8678124
11801,0.9072584
11802,1.109352
11803,1.1996081
11804,1.2182872
11805,1.1371543
11806,1.1265619
11807,1.1253182
11808,0.85533303
11809,1.1802886
11810,1.1047
11811,0.8467626
11812,1.5273237
11813,0.85533303
11814,0.85309166
11815,0.99233
11816,1.0937645
11817,1.1428094
11818,1.280512
11819,1.3236452
11820,1.1094217
11821,1.1199777
11822,1.1479247
11823,1.1272831
11824,1.1560147
11825,1.2908182
11826,1.1626685
11827,1.1823889
11828,1.1826102
11829,1.109352
11830,0.8654063
11831,0.67062575
11832,1.3235718
11833,1.1329678
11834,0.8417011
11835,1.4141295
11836,1.0654402
11837,1.1050601
11838,1.1018146
11839,0.9923516
11840,1.1629928
11841,1.1802886
11842,1.1936092
11843,1.1616982
11844,1.1175025
11845,0.85533303
11846,1.129105
11847,0.86210847
11848,1.1253182
11849,0.9923313
11850,1.1629928
11851,0.85533303
11852,1.0850196
11853,1.1010681
11854,1.1609291
11855,0.60087365
11856,0.95157784
11857,1.1961793
11858,1.08381
11859,1.0246848
11860,1.1519849
11861,1.088423
11862,1.3130862
11863,0.93753624
11864,0.96819514
11865,0.751523
11866,1.1904025
11867,1.117524
11868,0.9484107
11869,0.85533303
11870,1.1629928
11871,1.1629928
11872,0.85063446
11873,0.79004663
11874,0.8549799
11875,0.78579164
11876,0.8565761
11877,1.1435508
11878,1.1791469
11879,1.1170129
11880,1.1652586
11881,1.109352
11882,1.1095041
11883,1.112304
11884,1.0769602
11885,1.0071852
11886,1.1072192
11887,1.136415
11888,1.4144263
11889,1.2492585
11890,1.1172471
11891,1.1948607
11892,1.0774944
11893,1.1445239
11894,0.8907835
11895,1.1832244
11896,0.880166
11897,1.1639777
11898,0.85533303
11899,0.74095905
11900,1.1203171
11901,1.4088824
11902,1.0166229
11903,1.1253182
11904,1.1557604
11905,1.2752993
11906,1.1304296
11907,1.1027714
11908,1.0819043
11909,1.3473169
11910,1.2394853
11911,1.1519849
11912,0.85533303
11913,1.0838255
11914,1.3961409
11915,1.2192866
11916,1.084099
11917,1.1130983
11918,0.87252706
11919,0.85533303
11920,1.1802886
11921,1.1521716
11922,0.8337845
11923,0.85533303
11924,1.0976206
11925,1.1667634
11926,1.193201
11927,0.751523
11928,1.11116
11929,1.109352
11930,1.3041358
11931,1.1994741
11932,1.0677733
11933,1.08381
11934,1.1599485
11935,1.1337857
11936,1.1687114
11937,0.94075316
11938,1.0307059
11939,0.85533303
11940,1.1380687
11941,1.1629928
11942,0.88068795
11943,1.1355428
11944,1.1644971
11945,1.1286138
11946,0.89360875
11947,0.95157784
11948,0.7511484
11949,1.0146112
11950,1.0835012
11951,1.1477444
11952,0.9845236
11953,1.1813009
11954,0.93534636
11955,1.1629928
11956,1.2387675
11957,1.4155055
11958,0.82802653
11959,1.1551273
11960,0.77091426
11961,1.2015084
11962,0.85533303
11963,1.1253182
11964,0.8835785
11965,0.751523
11966,0.8529832
11967,0.8549799
11968,1.4145093
11969,0.9084478
11970,0.87372065
11971,0.95157784
11972,0.9487292
11973,1.0810866
11974,1.109352
11975,1.0042597
11976,1.1297022
11977,1.1026692
11978,0.94059485
11979,1.1629928
11980,1.130654
11981,0.9025304
11982,1.1439397
11983,0.87281626
11984,1.1337857
11985,0.89853364
11986,0.85533303
11987,1.3766161
11988,1.1175644
11989,1.1598023
11990,1.109352
11991,1.1464608
11992,1.1253319
11993,0.9446121
11994,1.1431606
11995,0.85533303
11996,0.95114064
11997,0.86440825
11998,1.1337857
11999,0.7709616
12000,0.9158947
12001,0.8282081
12002,1.1336651
12003,1.0980122
12004,1.0725034
12005,1.1904025
12006,1.109352
12007,1.1629928
12008,1.0592834
12009,1.109352
12010,1.0534577
12011,1.1473936
12012,1.0493088
12013,1.1253182
12014,1.1010014
12015,0.8471538
12016,0.79446125
12017,1.1253182
12018,1.1541196
12019,0.8715921
12020,1.3297316
12021,1.2260511
12022,0.75024265
12023,0.8297109
12024,0.94892913
12025,1.1110528
12026,1.1185752
12027,1.1096805
12028,1.1170994
12029,1.2872792
12030,1.1513925
12031,1.0084097
12032,0.9971129
12033,1.1355717
12034,0.95157784
12035,1.1629928
12036,1.08381
12037,0.85533303
12038,1.109352
12039,0.97491056
12040,1.1170129
12041,1.1629792
12042,1.109352
12043,1.1111555
12044,0.85533303
12045,1.165732
12046,1.162638
12047,1.1349853
12048,1.1352445
12049,1.1340095
12050,1.1354157
12051,1.1839846
12052,1.1423051
12053,0.86986953
12054,1.0153145
12055,1.123093
12056,1.1653945
12057,0.9975333
12058,0.9601076
12059,0.741664
12060,1.109352
12061,1.0142286
12062,1.1629928
12063,0.8015365
12064,0.78523666
12065,1.0906845
12066,1.0447518
12067,1.0833288
12068,0.85533303
12069,1.0945401
12070,0.6785875
12071,1.1415966
12072,0.9123306
12073,1.2582575
12074,0.89318734
12075,0.95157784
12076,0.85533303
12077,1.109464
12078,1.2374576
12079,1.0776105
12080,0.8034057
12081,1.109352
12082,1.1904025
12083,1.109352
12084,1.0787408
12085,1.0017618
12086,1.2258584
12087,1.112458
12088,1.1675229
12089,1.1522877
12090,1.109352
12091,0.95768505
12092,1.1253182
12093,1.1431322
12094,1.1456431
12095,1.1629928
12096,0.7943347
12097,1.2085683
12098,1.1089102
12099,0.93753624
12100,1.1115209
12101,0.8561618
12102,1.2106358
12103,1.4149995
12104,1.1565509
12105,1.0923408
12106,1.0906845
12107,1.1863688
12108,1.1609291
12109,1.1668134
12110,1.1550876
12111,0.77058166
12112,1.1802006
12113,1.1821262
12114,1.0243667
12115,1.1236278
12116,1.2518177
12117,0.95157784
12118,1.1253182
12119,1.16929
12120,1.114122
12121,1.1281525
12122,0.9513549
12123,1.109352
12124,0.77789575
12125,1.163767
12126,1.109352
12127,1.103642
12128,1.1380687
12129,1.1629928
12130,0.78523666
12131,1.1111541
12132,0.95157784
12133,0.7523497
12134,0.8695474
12135,1.1176174
12136,1.109352
12137,1.1520915
12138,1.1513587
12139,1.1324159
12140,0.99081653
12141,1.2107048
12142,1.1223294
12143,1.1253182
12144,1.2337228
12145,0.751523
12146,0.85289526
12147,1.1587027
12148,1.0138083
12149,1.1055251
12150,1.0852791
12151,1.2106358
12152,1.1104622
12153,0.8776669
12154,1.1170129
12155,1.1091917
12156,0.85533303
12157,0.7511185
12158,0.75019056
12159,0.9994308
12160,1.1667613
12161,1.1098708
12162,1.3935452
12163,1.1128248
12164,1.1629928
12165,0.85449654
12166,1.116026
12167,0.67775464
12168,1.1253182
12169,1.109352
12170,1.1629928
12171,1.2140406
12172,1.1769862
12173,1.109352
12174,1.1541196
12175,1.1802522
12176,1.109352
12177,1.1596116
12178,1.2309753
12179,1.1656325
12180,1.254925
12181,1.1708785
12182,1.1629928
12183,1.1961793
12184,1.1088995
12185,1.2181128
12186,1.1692446
12187,1.3118511
12188,0.85533303
12189,1.352995
12190,1.109352
12191,0.75178653
12192,1.0840485
12193,1.3072393
12194,0.9179547
12195,1.1629928
12196,1.1942282
12197,1.1169293
12198,1.2073646
12199,1.109352
12200,1.1253182
12201,1.1683227
12202,1.2057543
12203,0.77489376
12204,0.78523666
12205,0.751523
12206,1.1346512
12207,0.95062363
12208,0.7901878
12209,1.1253182
12210,1.0919889
12211,1.103644
12212,1.2324561
12213,1.138951
12214,0.97874844
12215,1.1169561
12216,1.1473936
12217,1.1097679
12218,1.1629928
12219,1.112304
12220,1.1056645
12221,1.1537318
12222,1.411408
12223,1.109352
12224,0.85541517
12225,1.1174031
12226,1.1629928
12227,1.1537844
12228,1.1156838
12229,1.1924691
12230,1.1453853
12231,1.1832244
12232,1.2645642
12233,1.2324032
12234,1.109352
12235,1.0838436
12236,0.9489357
12237,0.9867435
12238,1.1763287
12239,1.3719908
12240,1.0770315
12241,1.2106358
12242,1.1557604
12243,1.0952576
12244,1.0070225
12245,0.79446125
12246,1.1253182
12247,1.3009417
12248,0.88700134
12249,0.893164
12250,1.5725428
12251,0.99510777
12252,1.0500807
12253,1.2741505
12254,0.89318734
12255,1.1119276
12256,1.1337857
12257,1.2274565
12258,0.85533303
12259,1.1630626
12260,1.2916505
12261,1.109352
12262,1.1254214
12263,1.1494145
12264,1.109352
12265,1.109352
12266,1.10571
12267,1.1815829
12268,1.134587
12269,1.1627647
12270,0.951228
12271,1.1387788
12272,1.109352
12273,1.1449645
12274,1.1587027
12275,1.1401358
12276,1.109352
12277,1.109352
12278,0.893164
12279,1.2005379
12280,0.85533303
12281,1.4144263
12282,0.8578944
12283,0.6803845
12284,1.109352
12285,1.1253182
12286,0.8682604
12287,1.109352
12288,1.1136776
12289,1.1935085
12290,1.1962724
12291,1.0017618
12292,1.0497203
12293,1.1336651
12294,1.1340206
12295,0.9513549
12296,1.109352
12297,1.1323379
12298,1.133852
12299,1.1107246
12300,1.4626633
12301,1.1453853
12302,1.5026914
12303,1.1995912
12304,1.2240067
12305,1.4166629
12306,1.0578238
12307,0.751523
12308,1.1695818
12309,1.1832244
12310,1.0047436
12311,1.1068369
12312,0.85336506
12313,1.1253182
12314,1.2233926
12315,0.95157784
12316,0.86250186
12317,1.2194778
12318,1.1626215
12319,0.93255943
12320,0.751523
12321,1.2332898
12322,0.85533303
12323,0.85533303
12324,0.8637194
12325,0.85533303
12326,1.1629928
12327,0.85541517
12328,1.1760061
12329,1.1633153
12330,0.95157784
12331,1.1253182
12332,1.1253182
12333,1.0601349
12334,1.1750867
12335,1.109352
12336,1.1118435
12337,1.1629928
12338,0.85533303
12339,1.0849541
12340,1.4759452
12341,1.1374389
12342,1.109352
12343,1.4059556
12344,0.8561618
12345,1.1296957
12346,1.1050882
12347,0.77179587
12348,1.0865175
12349,1.1788574
12350,1.1458569
12351,1.1802886
12352,1.0532728
12353,0.95157784
12354,1.2855359
12355,1.1340095
12356,1.1016303
12357,1.1253182
12358,1.075616
12359,1.1095935
12360,1.1253182
12361,1.1560147
12362,1.0841224
12363,1.109352
12364,1.4766349
12365,1.1923921
12366,1.1175857
12367,1.109352
12368,1.3755088
12369,0.9447021
12370,1.0812067
12371,1.232404
12372,1.1970668
12373,1.1629928
12374,1.1253827
12375,1.1629928
12376,1.1557322
12377,1.11845
12378,0.79446125
12379,1.168627
12380,0.85533303
12381,0.6729504
12382,1.1618173
12383,1.1629928
12384,1.0534577
12385,0.8729316
12386,0.751523
12387,1.109352
12388,1.1072996
12389,1.0838436
12390,1.411408
12391,0.8419572
12392,0.65606964
12393,1.1094217
12394,1.0687832
12395,1.228145
12396,0.8549285
12397,1.0632411
12398,1.3644457
12399,1.2186234
12400,0.98920643
12401,1.1337857
12402,1.1311692
12403,1.1381384
12404,1.1936336
12405,1.1987402
12406,1.220841
12407,1.1483388
12408,1.1860242
12409,1.1366628
12410,1.109352
12411,1.1124629
12412,1.1638598
12413,1.1629928
12414,0.9470657
12415,1.4416782
12416,0.9071586
12417,1.109352
12418,1.1915826
12419,1.1629928
12420,1.1609291
12421,1.109352
12422,1.1629928
12423,1.1529686
12424,1.109352
12425,1.109352
12426,1.0758896
12427,0.95452106
12428,0.8293185
12429,1.1510473
12430,1.1175663
12431,1.3051002
12432,1.1432303
12433,1.1104734
12434,1.1106795
12435,0.95157784
12436,1.0635483
12437,1.107289
12438,1.097236
12439,1.0535008
12440,1.1729376
12441,1.1802886
12442,0.751523
12443,0.751523
12444,1.1175658
12445,1.253421
12446,1.0782067
12447,0.833241
12448,1.109352
12449,0.8524127
12450,1.109352
12451,1.1596116
12452,0.8549799
12453,1.1659981
12454,1.2439137
12455,0.6786709
12456,0.8551971
12457,0.9663455
12458,0.85533303
12459,0.95265716
12460,0.8554338
12461,1.059669
12462,0.9450462
12463,1.1629928
12464,1.1094217
12465,1.1629928
12466,1.1253182
12467,1.1691947
12468,1.109352
12469,1.1321208
12470,1.1604141
12471,1.0913398
12472,1.1957049
12473,0.79446125
12474,1.1904246
12475,1.109352
12476,0.85533303
12477,1.1629928
12478,1.1588942
12479,1.3392613
12480,1.2209878
12481,0.95157784
12482,0.7121813
12483,1.1297022
12484,1.4214833
12485,0.85533303
12486,1.109352
12487,0.7205723
12488,0.91287816
12489,1.1694249
12490,1.4144356
12491,1.1253182
12492,1.0722204
12493,1.1520773
12494,0.86435413
12495,1.1997583
12496,0.8980825
12497,1.1253182
12498,1.1154727
12499,1.068055
12500,1.1485926
12501,1.1016303
12502,0.85612893
12503,1.1720619
12504,1.2933717
12505,0.95157784
12506,0.95265716
12507,0.95157784
12508,1.1740911
12509,1.1667919
12510,1.0824927
12511,1.1253182
12512,1.1253182
12513,1.2534541
12514,1.2945489
12515,1.109352
12516,1.0071852
12517,1.1079808
12518,1.1520673
12519,1.0578092
12520,0.7660344
12521,1.1616982
12522,1.0855664
12523,0.87372065
12524,1.105335
12525,0.87372065
12526,1.1308832
12527,1.1109574
12528,1.0753238
12529,0.85533303
12530,1.109352
12531,0.95157784
12532,0.751523
12533,0.96568143
12534,1.1629928
12535,1.068055
12536,0.77448416
12537,1.1732512
12538,1.0417312
12539,0.91613954
12540,1.2533957
12541,1.1629928
12542,1.0776868
12543,1.1644553
12544,1.4150732
12545,0.7587749
12546,1.155305
12547,1.1207241
12548,1.0758896
12549,1.1002437
12550,1.4211829
12551,1.0110168
12552,1.1185752
12553,1.1061151
12554,1.3304185
12555,0.93351495
12556,1.411408
12557,0.6728807
12558,0.7554126
12559,0.98807085
12560,1.1064222
12561,1.1629928
12562,1.0813074
12563,1.0824927
12564,1.2339358
12565,1.2486748
12566,1.1380862
12567,1.1653563
12568,1.1790936
12569,0.85533303
12570,1.1629928
12571,1.1629928
12572,1.1325138
12573,1.1928645
12574,1.1326392
12575,0.8540784
12576,0.7509705
12577,1.1667634
12578,0.8532829
12579,1.097178
12580,1.1541196
12581,1.1629928
12582,1.1003215
12583,1.1094217
12584,1.2498349
12585,0.85533303
12586,1.1253182
12587,1.2938945
12588,1.3944944
12589,1.1323073
12590,1.109352
12591,1.1496072
12592,0.7770176
12593,1.1656826
12594,0.84702677
12595,1.1253182
12596,0.63791627
12597,1.1629928
12598,0.85063446
12599,1.1629928
12600,1.1619203
12601,0.80700225
12602,1.2382767
12603,1.1224023
12604,1.2107052
12605,1.411408
12606,1.1253182
12607,1.1382308
12608,0.8619669
12609,0.85533303
12610,1.1627183
12611,1.0806139
12612,1.167819
12613,1.1391459
12614,1.2235234
12615,0.85085
12616,1.1426951
12617,0.90568274
12618,0.7255217
12619,1.4171379
12620,0.80749947
12621,1.1195674
12622,1.0921195
12623,1.1002437
12624,1.2507515
12625,1.0829076
12626,0.85533303
12627,1.419191
12628,1.1047
12629,1.1687433
12630,1.4002279
12631,0.83946186
12632,1.1214141
12633,1.2319328
12634,1.1071926
12635,1.1625766
12636,1.2802833
12637,1.1253182
12638,1.0709593
12639,1.411484
12640,0.79483193
12641,1.0956823
12642,1.1629928
12643,0.891975
12644,1.1570011
12645,1.2760671
12646,1.109352
12647,1.1629928
12648,1.109352
12649,1.3723935
12650,1.1629928
12651,1.1226485
12652,1.109352
12653,0.8943075
12654,0.751523
12655,1.1048384
12656,1.1272992
12657,1.112193
12658,1.1094217
12659,0.85533303
12660,1.1253182
12661,1.1254002
12662,1.0488889
12663,1.2520609
12664,0.85533303
12665,1.112304
12666,1.3094783
12667,1.1629928
12668,1.05168
12669,0.9670834
12670,0.85533303
12671,1.109352
12672,1.1336651
12673,1.3391951
12674,1.0121768
12675,1.1477698
12676,0.9025304
12677,0.85878986
12678,1.0534577
12679,1.1144181
12680,1.0722204
12681,1.2026987
12682,1.1223326
12683,0.7987427
12684,1.1431322
12685,1.109352
12686,0.7451253
12687,1.1847106
12688,1.1976826
12689,0.87372065
12690,1.0854033
12691,1.109352
12692,1.1212165
12693,1.129274
12694,1.1556833
12695,1.1633153
12696,1.220841
12697,0.9923516
12698,1.166831
12699,1.1198659
12700,1.0838425
12701,1.1075863
12702,1.1253182
12703,1.2056514
12704,0.895295
12705,1.1770512
12706,1.1556833
12707,0.6716202
12708,1.2221793
12709,0.95768505
12710,1.109352
12711,1.1113732
12712,1.1718239
12713,0.9667297
12714,0.9300089
12715,1.0774764
12716,1.0939646
12717,1.112458
12718,0.75150347
12719,1.0865175
12720,1.170614
12721,1.0841224
12722,0.7879056
12723,1.1082098
12724,1.0914848
12725,1.0823375
12726,1.1644171
12727,1.150544
12728,1.4456923
12729,1.1616982
12730,0.85533303
12731,1.0139687
12732,1.1043
12733,1.1524664
12734,1.140046
12735,0.9591557
12736,0.9513676
12737,1.4559791
12738,0.83946186
12739,0.784453
12740,1.1051852
12741,1.6444298
12742,1.1793681
12743,1.130226
12744,1.4284078
12745,0.76533175
12746,1.109352
12747,1.1146774
12748,1.4019821
12749,0.86434877
12750,1.109352
12751,1.445757
12752,1.1276759
12753,1.2018044
12754,1.2324024
12755,1.1519849
12756,1.4180988
12757,1.1253182
12758,1.1629928
12759,1.1629928
12760,1.1781878
12761,1.1624416
12762,1.1961187
12763,1.1777637
12764,1.052041
12765,1.109352
12766,0.95157784
12767,1.3686482
12768,0.85533303
12769,1.0770046
12770,1.027341
12771,1.1339033
12772,1.109352
12773,1.1175236
12774,0.8729958
12775,1.2079744
12776,0.750211
12777,0.86539984
12778,1.0780053
12779,1.1079111
12780,1.1597117
12781,1.421642
12782,1.1921657
12783,1.1439892
12784,1.0866154
12785,0.85689205
12786,1.1659172
12787,1.2324024
12788,0.97955936
12789,1.109352
12790,1.1254214
12791,1.1054828
12792,1.1253182
12793,0.9071586
12794,1.1094458
12795,0.85533303
12796,1.1644971
12797,1.0065142
12798,1.1079111
12799,1.1718234
12800,1.1048844
12801,0.96305233
12802,0.7849259
12803,0.920739
12804,0.991853
12805,0.9172452
12806,1.1460607
12807,1.1519849
12808,1.3581553
12809,0.6712286
12810,1.0865034
12811,1.1239297
12812,0.7343795
12813,1.1093351
12814,1.0889733
12815,0.95697564
12816,1.1602176
12817,1.3786241
12818,1.1893537
12819,0.85533303
12820,1.1587027
12821,1.1482831
12822,1.1039025
12823,1.1508588
12824,1.1609502
12825,1.0042901
12826,1.212914
12827,1.109352
12828,0.67789364
12829,1.4393625
12830,1.213589
12831,0.85533303
12832,1.109352
12833,0.98587203
12834,1.1453499
12835,1.052041
12836,1.1847053
12837,1.2608008
12838,0.75150347
12839,1.1593584
12840,0.8549799
12841,1.1904025
12842,0.9759572
12843,1.4974298
12844,1.3053628
12845,0.9401972
12846,0.9846465
12847,1.079928
12848,1.1170955
12849,1.1629928
12850,1.1072623
12851,1.197555
12852,1.1629928
12853,0.8354833
12854,1.0801914
12855,0.85533303
12856,0.9915635
12857,1.2503359
12858,0.89385647
12859,1.1924633
12860,1.1541196
12861,1.1495863
12862,1.1110617
12863,1.1519183
12864,1.2107052
12865,1.1212852
12866,0.85533303
12867,1.109352
12868,0.7471967
12869,1.0926676
12870,0.78579164
12871,0.78579164
12872,1.1513644
12873,1.0838436
12874,1.1629928
12875,1.2774647
12876,0.7881463
12877,1.1956071
12878,1.1317192
12879,0.7844689
12880,1.109352
12881,1.1950878
12882,1.1620958
12883,1.1716636
12884,1.1289023
12885,1.1361759
12886,1.1218516
12887,1.2063171
12888,1.1003926
12889,1.1629928
12890,1.1073493
12891,1.1832244
12892,1.0383995
12893,1.1119117
12894,1.2520216
12895,0.95157784
12896,1.2804359
12897,1.2275208
12898,1.1068369
12899,0.761549
12900,1.109352
12901,1.1593822
12902,1.109352
12903,1.1560147
12904,0.84475106
12905,1.1253182
12906,1.1328869
12907,1.1279434
12908,1.0485542
12909,0.85533303
12910,0.85533303
12911,1.109352
12912,1.2615664
12913,0.751523
12914,1.4456037
12915,1.0025522
12916,0.85533303
12917,1.105276
12918,1.1620638
12919,0.751523
12920,0.85533303
12921,1.1010721
12922,1.1632822
12923,1.1629928
12924,0.840624
12925,1.1390027
12926,1.1655853
12927,0.7271464
12928,1.1141114
12929,1.109352
12930,1.1118829
12931,0.8484454
12932,1.1537826
12933,1.109352
12934,1.1253182
12935,0.85533303
12936,1.2135898
12937,0.83704144
12938,0.9518893
12939,1.1629928
12940,1.0034655
12941,1.1253182
12942,0.89517677
12943,1.0798182
12944,1.13405
12945,1.3414922
12946,1.1936336
12947,1.1629928
12948,1.109352
12949,1.1095041
12950,1.0072552
12951,1.1171266
12952,1.2214171
12953,1.1659172
12954,1.3594037
12955,1.0761266
12956,1.08381
12957,1.1629928
12958,1.1203849
12959,1.4220556
12960,1.0762931
12961,1.1672975
12962,0.8729316
12963,0.74524844
12964,1.1612318
12965,1.1632844
12966,1.1266156
12967,1.2097967
12968,1.109352
12969,1.1137435
12970,1.1629928
12971,0.87372065
12972,0.8290389
12973,1.2459036
12974,1.1717104
12975,1.2307233
12976,1.1253182
12977,1.109352
12978,1.0027553
12979,1.1253182
12980,0.85533303
12981,1.1137394
12982,1.1068943
12983,1.109352
12984,0.99147135
12985,1.1659172
12986,0.85533303
12987,1.4155055
12988,1.1408545
12989,1.4002279
12990,1.1909103
12991,0.9690695
12992,1.1490077
12993,0.8163408
12994,1.1743965
12995,1.1629928
12996,1.1079111
12997,0.7355559
12998,1.109352
12999,1.109352
13000,1.0920678
13001,0.95465547
13002,0.83327276
13003,1.1323906
13004,1.1078725
13005,1.11116
13006,0.95157784
13007,1.109352
13008,0.9516358
13009,1.094467
13010,0.97239596
13011,0.85533303
13012,1.2647922
13013,0.95157784
13014,1.0921198
13015,1.1147912
13016,1.1613067
13017,0.7326169
13018,1.1482831
13019,1.1038481
13020,1.162638
13021,1.1079111
13022,1.2521863
13023,0.9755985
13024,0.9306098
13025,1.1802886
13026,0.8561543
13027,1.079837
13028,1.1048844
13029,1.1253182
13030,1.1156183
13031,1.109352
13032,1.1694915
13033,1.2066139
13034,1.1632822
13035,1.1629928
13036,1.1633428
13037,1.1253182
13038,1.1094217
13039,1.1049078
13040,1.1024083
13041,1.1629928
13042,1.1119117
13043,1.1064222
13044,1.0603257
13045,1.254834
13046,1.109352
13047,1.1051234
13048,1.1802522
13049,1.1629928
13050,1.3271908
13051,1.109352
13052,1.1038481
13053,1.2292333
13054,0.8546674
13055,1.13083
13056,1.1311677
13057,1.3267787
13058,1.0830791
13059,1.1629928
13060,0.7806825
13061,1.109352
13062,1.109352
13063,0.85533303
13064,1.4235475
13065,0.9404174
13066,1.1927617
13067,1.145024
13068,0.87282234
13069,1.0920678
13070,0.85533303
13071,0.751523
13072,0.751523
13073,1.1986792
13074,0.751523
13075,1.2453971
13076,0.7858324
13077,1.4181415
13078,1.1722283
13079,1.3487581
13080,1.2192416
13081,1.4717293
13082,0.85533303
13083,0.8410173
13084,0.7415236
13085,1.2977242
13086,1.1708975
13087,1.1068943
13088,1.0586495
13089,0.85533303
13090,0.85533303
13091,1.1629928
13092,1.1832244
13093,1.2934265
13094,1.1832244
13095,1.1125658
13096,1.1323379
13097,1.1186309
13098,1.2102284
13099,0.9022734
13100,1.168379
13101,1.0745801
13102,1.1095041
13103,1.2006402
13104,1.1337488
13105,0.88272864
13106,1.0564109
13107,1.156497
13108,0.751523
13109,1.1254002
13110,1.1904037
13111,1.109352
13112,1.1115016
13113,1.165548
13114,1.1094217
13115,1.0907198
13116,1.0670993
13117,0.98981744
13118,0.85533303
13119,0.7786099
13120,0.87351173
13121,0.8015168
13122,0.85533303
13123,0.74541825
13124,1.1219419
13125,0.7708974
13126,1.1550006
13127,1.1317976
13128,0.94059485
13129,1.5091931
13130,0.84448725
13131,0.6956458
13132,0.85653377
13133,1.2767787
13134,1.1535735
13135,1.0621245
13136,0.89022785
13137,1.1170129
13138,1.0838436
13139,1.247103
13140,1.1094458
13141,0.86559427
13142,1.0941293
13143,0.8532829
13144,1.2453971
13145,1.1389027
13146,1.2616366
13147,1.109352
13148,1.2904922
13149,1.0919721
13150,1.1629928
13151,0.8824879
13152,1.1358234
13153,1.2167026
13154,1.1960641
13155,1.2464157
13156,1.2140404
13157,1.1433524
13158,1.1963425
13159,1.2583374
13160,1.109352
13161,1.147564
13162,1.1557604
13163,1.1557211
13164,1.2483933
13165,1.1072192
13166,1.1797537
13167,1.1079111
13168,1.1400352
13169,0.751523
13170,1.3380165
13171,1.1010721
13172,1.1639143
13173,1.315342
13174,1.2274827
13175,0.89539564
13176,1.1560147
13177,1.213853
13178,1.1519849
13179,1.1050701
13180,1.1068943
13181,1.1793684
13182,1.1075863
13183,1.1481671
13184,1.3246592
13185,1.109352
13186,1.088576
13187,1.1048844
13188,1.1055251
13189,1.1820496
13190,1.1176757
13191,1.0915687
13192,1.1493778
13193,0.9325913
13194,1.109352
13195,1.0715377
13196,1.1741556
13197,1.1253182
13198,0.90475386
13199,0.8071797
13200,1.1119276
13201,1.0853254
13202,1.1412354
13203,1.1189932
13204,1.1687651
13205,0.95501715
13206,1.4508473
13207,1.1470829
13208,0.9343584
13209,1.0689707
13210,1.109352
13211,1.373189
13212,0.86702937
13213,1.097178
13214,1.2802106
13215,1.167233
13216,1.0794516
13217,1.109352
13218,1.1932648
13219,0.94942975
13220,0.85533303
13221,1.2459036
13222,1.1329459
13223,1.1629928
13224,1.192899
13225,1.14826
13226,1.1431849
13227,1.2210068
13228,1.1094458
13229,1.1329724
13230,1.1337657
13231,1.1072209
13232,1.104989
13233,1.3961303
13234,0.85533303
13235,1.2005379
13236,1.1458422
13237,0.9101421
13238,1.0041664
13239,0.93678635
13240,1.2438703
13241,1.0457636
13242,1.125386
13243,1.1924633
13244,1.0775739
13245,1.1620147
13246,1.3717223
13247,1.103709
13248,1.3304185
13249,1.1629928
13250,1.2986526
13251,1.0017618
13252,1.1627396
13253,1.0349199
13254,1.2612793
13255,1.1236278
13256,1.3952084
13257,1.4083855
13258,0.83806694
13259,1.1186309
13260,1.1131685
13261,1.2194778
13262,1.3393646
13263,1.109352
13264,0.95157784
13265,1.1685536
13266,1.1706796
13267,0.9061155
13268,0.8332038
13269,0.9790608
13270,0.90121895
13271,1.1222116
13272,1.0035229
13273,1.0527918
13274,1.0812962
13275,1.1922851
13276,1.1609291
13277,1.167471
13278,0.85533303
13279,0.954809
13280,1.0569487
13281,1.2052677
13282,1.2319462
13283,0.8333651
13284,1.1529902
13285,1.2439026
13286,1.0535008
13287,1.5535362
13288,1.2077034
13289,1.2853373
13290,1.1495222
13291,0.90276307
13292,1.0790188
13293,1.1629928
13294,1.2716912
13295,1.244837
13296,1.2412633
13297,0.8521196
13298,1.1526772
13299,0.85533303
13300,1.0182111
13301,1.109352
13302,1.083401
13303,0.784453
13304,1.4681755
13305,1.1629928
13306,1.1425922
13307,0.78579164
13308,1.1905866
13309,1.109352
13310,0.85550153
13311,0.814643
13312,1.109352
13313,0.7587749
13314,1.074671
13315,0.95157784
13316,1.0680572
13317,1.160135
13318,1.1488764
13319,1.109352
13320,1.1253182
13321,0.86986524
13322,0.81128997
13323,0.9668745
13324,1.1170572
13325,1.1688498
13326,1.2296981
13327,1.1650239
13328,1.109352
13329,0.99355304
13330,1.1616982
13331,0.7511114
13332,0.95157784
13333,1.1212165
13334,1.1203902
13335,1.091015
13336,0.95157784
13337,1.333396
13338,1.1372699
13339,0.751523
13340,1.078281
13341,1.1389717
13342,0.87372065
13343,0.93534636
13344,1.0071852
13345,1.1603248
13346,0.9721101
13347,1.1253182
13348,1.0855054
13349,1.109352
13350,1.2275931
13351,1.1098733
13352,1.109352
13353,1.3496388
13354,1.1457698
13355,1.0920678
13356,0.95157784
13357,1.4571557
13358,0.9049041
13359,0.89241505
13360,0.85613173
13361,1.4075047
13362,1.1629928
13363,0.85533303
13364,0.751523
13365,1.109352
13366,1.052041
13367,1.2998011
13368,1.109352
13369,0.9098887
13370,1.0954655
13371,0.85533303
13372,1.0070225
13373,1.1382164
13374,0.8663904
13375,0.95157784
13376,1.1997445
13377,1.1629928
13378,1.1633153
13379,1.1804928
13380,1.2608008
13381,1.252343
13382,1.109352
13383,1.2103461
13384,0.9795919
13385,1.5782226
13386,1.109352
13387,0.89831525
13388,0.6780833
13389,1.1454229
13390,1.1858287
13391,1.1285062
13392,1.109352
13393,1.1253182
13394,1.1629928
13395,1.1037136
13396,1.1551754
13397,1.1170994
13398,1.1253827
13399,1.1174031
13400,1.1182401
13401,0.87372065
13402,1.0549772
13403,1.109352
13404,0.92917055
13405,1.10791
13406,1.186251
13407,0.9300988
13408,1.1802886
13409,1.1330887
13410,1.0722204
13411,1.109352
13412,1.1495222
13413,0.85533303
13414,1.0896784
13415,1.1132348
13416,1.1306369
13417,1.1239384
13418,1.1660528
13419,1.2718531
13420,1.0823288
13421,1.1519849
13422,1.2013776
13423,1.1483388
13424,1.1625777
13425,1.0715268
13426,1.1629928
13427,1.0668142
13428,1.1082065
13429,1.2520216
13430,1.109352
13431,1.1051456
13432,1.0955601
13433,0.85532326
13434,1.2813944
13435,0.7880584
13436,1.0836676
13437,1.109352
13438,0.6779687
13439,1.418879
13440,1.1490077
13441,1.1706032
13442,1.109352
13443,1.1407151
13444,0.78523666
13445,1.1053767
13446,1.1121421
13447,1.1185912
13448,0.85533303
13449,1.1655966
13450,1.1666982
13451,1.1010681
13452,1.2983252
13453,1.0426214
13454,1.1513644
13455,1.1253182
13456,1.1678197
13457,0.751523
13458,1.1556833
13459,1.109352
13460,1.1627647
13461,1.1337373
13462,1.109352
13463,1.1094217
13464,1.4494089
13465,1.2194778
13466,1.109352
13467,1.1927617
13468,1.1629928
13469,0.85533303
13470,1.3923793
13471,0.92590666
13472,1.1789694
13473,1.0388267
13474,1.564122
13475,0.85533303
13476,1.1955435
13477,1.1467644
13478,1.1253182
13479,1.1253182
13480,1.0035229
13481,0.7551261
13482,1.4111047
13483,1.1629928
13484,0.8639635
13485,1.1094357
13486,1.1511241
13487,1.0823183
13488,0.85533303
13489,1.099995
13490,1.3339025
13491,1.109352
13492,1.3370501
13493,1.0071529
13494,1.2629762
13495,1.2140406
13496,1.0722204
13497,1.2385699
13498,1.1358063
13499,1.1873001
13500,0.751523
13501,0.85541517
13502,1.079837
13503,1.0801089
13504,0.7866279
13505,0.95157784
13506,0.86986524
13507,1.1253182
13508,1.2066139
13509,0.79444456
13510,0.751523
13511,1.1051456
13512,1.2570049
13513,0.85504967
13514,1.0930331
13515,1.125386
13516,1.1406612
13517,1.1170129
13518,0.8585158
13519,1.0067762
13520,1.1048384
13521,0.8907633
13522,1.0031295
13523,1.182608
13524,1.2054392
13525,1.1131685
13526,0.9604559
13527,0.7512905
13528,0.95157784
13529,1.1275473
13530,0.8561285
13531,1.1253182
13532,0.95157784
13533,1.1664063
13534,1.0626225
13535,1.2431377
13536,1.0753002
13537,1.109352
13538,1.1482831
13539,1.0965244
13540,1.1473936
13541,1.1381866
13542,1.4401568
13543,1.2133247
13544,1.1587027
13545,1.0920678
13546,1.0676917
13547,1.109352
13548,1.1389027
13549,1.1627045
13550,1.271281
13551,1.109352
13552,0.88044494
13553,1.1055591
13554,0.79524547
13555,1.1090014
13556,1.1629928
13557,1.2321031
13558,0.86723566
13559,1.3008738
13560,0.85533303
13561,1.0370106
13562,1.0088243
13563,1.1624831
13564,1.123289
13565,1.1865889
13566,1.1687114
13567,1.1391186
13568,0.9924868
13569,1.0654389
13570,0.84805095
13571,1.1218774
13572,1.1288812
13573,1.0345504
13574,1.058724
13575,1.125386
13576,1.1629928
13577,1.133852
13578,0.9736818
13579,0.91422826
13580,1.1271737
13581,1.118645
13582,1.0429739
13583,0.9678757
13584,1.1170955
13585,1.0366434
13586,1.0760859
13587,0.95157784
13588,0.7709616
13589,0.85533303
13590,1.4217861
13591,0.88039804
13592,1.0931648
13593,1.181412
13594,0.93753624
13595,0.76258326
13596,1.109352
13597,1.1331497
13598,1.1204379
13599,1.1841677
13600,1.1185752
13601,0.86279756
13602,1.2439868
13603,1.1609291
13604,1.1133436
13605,1.1099609
13606,1.3537184
13607,0.97618824
13608,0.78794515
13609,1.109352
13610,0.85533303
13611,1.1803073
13612,1.0530221
13613,0.7582648
13614,0.85506636
13615,1.1380687
13616,1.1506577
13617,1.1455979
13618,1.1452674
13619,1.109352
13620,0.8729958
13621,1.4025178
13622,1.1459278
13623,0.85533303
13624,1.109352
13625,1.1513557
13626,1.08381
13627,0.79894483
13628,1.0823288
13629,1.0906845
13630,0.85533303
13631,1.1273055
13632,1.042312
13633,1.2468753
13634,1.2336276
13635,1.1253182
13636,0.85533303
13637,1.1130983
13638,1.1903236
13639,1.1253182
13640,1.109352
13641,1.1280514
13642,1.1612706
13643,1.411408
13644,1.2016112
13645,0.7310434
13646,1.1021854
13647,0.90612924
13648,0.751523
13649,1.1629928
13650,1.0936749
13651,1.4084011
13652,1.4692792
13653,0.93963563
13654,0.8736077
13655,1.109352
13656,1.1039146
13657,1.1630626
13658,1.2725961
13659,1.1178043
13660,1.110047
13661,1.1253182
13662,0.79446125
13663,1.1675229
13664,1.1096902
13665,1.1079111
13666,1.1832244
13667,0.7709052
13668,1.0520439
13669,1.1010681
13670,1.109352
13671,0.8680653
13672,0.9628883
13673,1.2233559
13674,1.0088928
13675,1.2091137
13676,0.76753575
13677,0.85533303
13678,1.1482831
13679,1.1253182
13680,1.1311204
13681,1.109352
13682,1.1629928
13683,1.1300389
13684,1.1201742
13685,1.1629928
13686,1.1656502
13687,1.1629928
13688,1.0838436
13689,1.3468863
13690,1.1629928
13691,1.1432943
13692,1.1628486
13693,1.1107235
13694,1.0964806
13695,1.1629928
13696,1.123834
13697,1.1340117
13698,0.751523
13699,1.109352
13700,1.1510473
13701,1.2209878
13702,1.109352
13703,1.1756097
13704,1.1200825
13705,1.0071852
13706,0.9038443
13707,1.1557604
13708,1.1094217
13709,1.099084
13710,0.85494214
13711,0.9950597
13712,1.0499854
13713,1.0985278
13714,0.7114214
13715,1.1403193
13716,1.0855653
13717,1.1538777
13718,1.1253182
13719,1.1844115
13720,1.1802522
13721,0.85533303
13722,1.0420893
13723,1.0059484
13724,1.120836
13725,0.9252611
13726,1.1564645
13727,1.109352
13728,1.1802886
13729,1.1545552
13730,1.0710443
13731,1.0529381
13732,1.3142945
13733,1.411408
13734,0.85533303
13735,1.1629928
13736,1.2439026
13737,1.1596127
13738,1.1629928
13739,0.87281865
13740,1.1476872
13741,0.95157784
13742,1.0848237
13743,1.1688645
13744,1.1167887
13745,0.751523
13746,1.0017618
13747,1.0826324
13748,1.0041538
13749,1.2606342
13750,1.109352
13751,0.95157784
13752,1.1536635
13753,1.1802886
13754,1.2903186
13755,1.0913398
13756,1.1375421
13757,1.3155612
13758,1.1253182
13759,1.1253182
13760,1.1122227
13761,1.1170429
13762,1.0920678
13763,1.0696378
13764,1.2298735
13765,1.1864461
13766,0.85503364
13767,1.1678336
13768,1.117684
13769,0.6964073
13770,1.3875179
13771,1.2459036
13772,1.1253221
13773,1.1996933
13774,1.1942868
13775,1.0678911
13776,0.9926286
13777,1.109352
13778,1.1557604
13779,1.1629928
13780,0.8737164
13781,1.1253827
13782,1.1538931
13783,1.1068943
13784,0.85533303
13785,1.1629928
13786,1.0970701
13787,1.133852
13788,1.2318091
13789,1.109352
13790,0.87804186
13791,1.0543791
13792,1.2195514
13793,1.1436278
13794,1.1557188
13795,1.0853077
13796,0.85612893
13797,1.1629928
13798,1.1253827
13799,1.1924633
13800,0.74838704
13801,1.2106358
13802,1.109352
13803,1.1119276
13804,0.8729958
13805,1.1119276
13806,1.1072298
13807,1.0534577
13808,1.2127966
13809,1.0651425
13810,1.283689
13811,0.9763784
13812,0.7693021
13813,1.1201833
13814,1.1774443
13815,0.97443616
13816,1.0075474
13817,1.1560206
13818,1.0693617
13819,1.071623
13820,1.1708673
13821,1.2939074
13822,1.109352
13823,1.2845186
13824,1.1371639
13825,0.9909942
13826,0.85533303
13827,1.0914599
13828,1.2324541
13829,1.0876601
13830,1.0201932
13831,1.0338013
13832,1.1253182
13833,1.08381
13834,1.3798654
13835,0.95157784
13836,1.109352
13837,1.1556833
13838,1.2364786
13839,1.1557515
13840,1.0986246
13841,1.1968396
13842,1.1253182
13843,1.1624732
13844,1.1706504
13845,0.94945735
13846,1.1619334
13847,1.1366421
13848,1.1512591
13849,1.1125929
13850,1.1481318
13851,0.8511684
13852,0.901644
13853,1.1082069
13854,0.85533303
13855,1.1253182
13856,0.8652399
13857,1.1223326
13858,0.9399561
13859,1.3436468
13860,1.0852972
13861,1.10611
13862,1.0915354
13863,0.794214
13864,0.869549
13865,1.1408451
13866,1.3013299
13867,1.0532728
13868,1.1850803
13869,1.1171266
13870,1.1560206
13871,1.1174906
13872,1.0391341
13873,0.85533303
13874,1.0506892
13875,1.1629928
13876,1.3304185
13877,1.109352
13878,1.4605843
13879,1.1253182
13880,0.85533303
13881,1.1755005
13882,1.1091231
13883,1.1367878
13884,1.259849
13885,1.1887281
13886,0.95157784
13887,1.1495222
13888,1.1072209
13889,1.1656325
13890,0.8549961
13891,1.1119117
13892,0.928309
13893,1.1864461
13894,1.1264484
13895,1.109352
13896,1.1629928
13897,1.1072192
13898,1.1629928
13899,1.1051456
13900,1.3245865
13901,1.130636
13902,1.1677266
13903,1.1968303
13904,1.1758018
13905,1.1578864
13906,1.183933
13907,0.94839317
13908,1.0982994
13909,1.0858293
13910,1.1587027
13911,0.6781017
13912,1.3078293
13913,1.1064222
13914,0.7872475
13915,0.8186694
13916,1.0841228
13917,0.89748526
13918,0.95157784
13919,1.2323592
13920,1.109352
13921,1.0865034
13922,1.1355321
13923,1.1004934
13924,1.0311878
13925,0.8678124
13926,1.1184239
13927,1.2841899
13928,1.1056955
13929,1.112625
13930,1.0791407
13931,1.3687415
13932,1.0810525
13933,0.7595102
13934,1.2459036
13935,1.0519813
13936,1.109352
13937,1.1832244
13938,1.1073629
13939,1.329124
13940,1.0330383
13941,1.1629928
13942,1.1450887
13943,1.098505
13944,1.0615109
13945,1.4176668
13946,0.9663455
13947,0.9396977
13948,1.380907
13949,1.1239384
13950,1.1862857
13951,0.95157784
13952,1.0710057
13953,1.1629928
13954,1.2010634
13955,1.1656638
13956,1.109352
13957,1.5049139
13958,0.85533303
13959,0.93124723
13960,1.0534577
13961,1.0700288
13962,1.109352
13963,0.95043236
13964,1.1016583
13965,1.16396
13966,0.7933144
13967,1.5091207
13968,1.1037136
13969,1.1037136
13970,1.1075863
13971,1.4388173
13972,0.85533303
13973,1.4144356
13974,1.2097936
13975,1.0445423
13976,1.3007848
13977,1.1139381
13978,1.0436628
13979,1.1629928
13980,1.1644971
13981,1.1041881
13982,1.1196681
13983,1.1629928
13984,1.0638397
13985,1.2247566
13986,1.1094458
13987,0.78650373
13988,0.6637133
13989,1.4860241
13990,1.2132794
13991,1.1110271
13992,1.3088894
13993,1.109352
13994,0.78523666
13995,0.85533303
13996,0.84268075
13997,1.109352
13998,1.0813123
13999,1.2206371
14000,1.1170994
14001,1.0478412
14002,1.0838436
14003,0.95846325
14004,0.76258326
14005,1.1501398
14006,0.8350971
14007,1.109352
14008,1.4754767
14009,1.3961303
14010,1.109352
14011,1.1010721
14012,0.88235223
14013,1.130654
14014,1.1596116
14015,0.9866468
14016,1.0937905
14017,1.109352
14018,1.2503363
14019,1.265222
14020,0.7994737
14021,1.118245
14022,0.85533303
14023,1.1355717
14024,1.1629928
14025,0.751523
14026,1.1998227
14027,1.1138514
14028,1.1253182
14029,1.109352
14030,1.1526772
14031,1.0919611
14032,1.1000577
14033,1.1629928
14034,1.0684867
14035,1.1016948
14036,1.2917802
14037,0.83275247
14038,1.109352
14039,1.1254214
14040,1.094795
14041,0.9467201
14042,0.89831394
14043,1.2499735
14044,0.94033176
14045,1.1679424
14046,1.109352
14047,0.8024405
14048,1.1629928
14049,1.1273055
14050,1.4095846
14051,1.1386265
14052,1.1072192
14053,1.1187826
14054,1.1072298
14055,1.0908947
14056,1.1629928
14057,1.068055
14058,1.2196227
14059,1.1642461
14060,1.109352
14061,0.8501966
14062,1.079837
14063,0.751523
14064,0.85466707
14065,0.8705543
14066,0.751523
14067,1.1613792
14068,1.3586862
14069,0.9571452
14070,1.4651525
14071,0.9923516
14072,1.1110528
14073,1.1557604
14074,0.90472275
14075,1.2326138
14076,1.1322876
14077,0.8969187
14078,0.9393285
14079,1.0342861
14080,1.0858299
14081,1.1050701
14082,1.1419506
14083,1.1722404
14084,1.1173593
14085,1.08381
14086,1.109352
14087,1.1900415
14088,1.0448993
14089,0.85533303
14090,1.1830171
14091,1.2718269
14092,1.1184239
14093,0.95157784
14094,1.1075863
14095,0.7425645
14096,1.1625469
14097,0.919511
14098,0.85533303
14099,1.0526397
14100,1.1068003
14101,0.85533303
14102,1.1629928
14103,1.1253182
14104,1.1442941
14105,0.9469338
14106,1.1186005
14107,1.1205628
14108,1.109352
14109,1.081575
14110,1.1802886
14111,1.109352
14112,1.217033
14113,1.084099
14114,0.78579164
14115,1.109352
14116,0.757361
14117,1.0361482
14118,1.0083826
14119,1.1671952
14120,0.66137606
14121,1.2784708
14122,1.2528275
14123,0.85533303
14124,1.0838436
14125,1.4144356
14126,1.0497203
14127,1.1170636
14128,0.79446125
14129,1.112452
14130,1.1599191
14131,1.2491406
14132,1.1619098
14133,1.1602376
14134,1.109352
14135,1.1557604
14136,1.1291072
14137,1.1519849
14138,1.1842041
14139,1.2091209
14140,1.1049078
14141,1.0722338
14142,0.85533303
14143,0.82516253
14144,0.85196066
14145,0.99988335
14146,1.0913376
14147,1.0939155
14148,1.1021633
14149,0.75024134
14150,1.443172
14151,1.1072192
14152,1.0913135
14153,1.0769602
14154,1.1632844
14155,0.77497226
14156,1.4245368
14157,1.1639777
14158,1.1339464
14159,0.85346955
14160,1.1253182
14161,0.770914
14162,1.1004229
14163,1.1715517
14164,1.1466919
14165,0.9632058
14166,1.0959861
14167,1.1653162
14168,1.1483388
14169,1.6815137
14170,0.9733337
14171,0.85533303
14172,1.097236
14173,1.1026361
14174,1.0696261
14175,0.897568
14176,0.8561285
14177,1.1248268
14178,1.165645
14179,0.9845236
14180,1.1016303
14181,0.87338597
14182,0.8792739
14183,1.1984917
14184,0.8145863
14185,0.992385
14186,0.9784905
14187,1.1092582
14188,1.1629928
14189,1.0340797
14190,1.109352
14191,1.1427525
14192,1.1928962
14193,1.3076632
14194,1.0967833
14195,1.1279724
14196,0.6875991
14197,0.751523
14198,1.1629928
14199,0.959432
14200,1.08381
14201,0.9681197
14202,1.107383
14203,1.1049739
14204,1.0875374
14205,0.8110853
14206,1.4009826
14207,1.2665952
14208,0.76836
14209,0.85533303
14210,1.0838436
14211,1.1446937
14212,1.1260811
14213,1.029285
14214,0.74812037
14215,1.1629928
14216,0.7462117
14217,1.173927
14218,1.0581503
14219,1.1629928
14220,0.86233354
14221,1.1253182
14222,0.93519014
14223,0.85533303
14224,1.0709593
14225,1.0769602
14226,0.9105757
14227,1.1174729
14228,0.85533303
14229,0.751523
14230,1.0838436
14231,1.109352
14232,0.7592387
14233,1.104961
14234,0.955193
14235,0.99580956
14236,1.1629928
14237,1.109352
14238,1.0988791
14239,1.1629928
14240,1.109352
14241,1.123867
14242,1.0947697
14243,1.0903859
14244,1.0687495
14245,0.8978292
14246,0.99379814
14247,0.78579164
14248,1.1467644
14249,0.99233
14250,1.1127231
14251,1.1477346
14252,1.2167565
14253,1.2140406
14254,1.0023956
14255,1.1186005
14256,1.1626127
14257,1.1629928
14258,1.1629928
14259,1.1613055
14260,1.109352
14261,1.133852
14262,1.1802522
14263,1.1923048
14264,0.78589636
14265,1.109352
14266,0.85533303
14267,1.2616366
14268,0.784453
14269,1.1941992
14270,0.9606049
14271,1.3373256
14272,1.1596116
14273,0.85533303
14274,1.0724567
14275,1.2938945
14276,1.1121421
14277,0.8075174
14278,1.1109574
14279,0.85533303
14280,0.7892065
14281,0.92467743
14282,1.0018798
14283,0.8649402
14284,1.1579654
14285,1.1671321
14286,1.3657249
14287,1.1828715
14288,1.1342698
14289,0.95157784
14290,0.97955936
14291,1.3277699
14292,1.1253182
14293,1.0041664
14294,1.0619909
14295,1.2470063
14296,0.9135592
14297,1.1629928
14298,1.1493778
14299,1.1170037
14300,1.163767
14301,1.0833448
14302,1.1629928
14303,0.784453
14304,0.85507196
14305,0.95157784
14306,0.85533303
14307,1.109352
14308,1.1668475
14309,1.1821574
14310,0.9557091
14311,0.683819
14312,1.1233588
14313,1.1401259
14314,1.10496
14315,0.76608527
14316,0.95157784
14317,1.1072192
14318,1.1200833
14319,1.055525
14320,0.8705543
14321,1.0771891
14322,1.2049193
14323,1.109352
14324,1.1059358
14325,1.4245433
14326,1.1404959
14327,1.1399981
14328,1.2116395
14329,1.1626984
14330,1.0614808
14331,1.1094217
14332,1.109352
14333,1.1832244
14334,1.1556833
14335,1.1831553
14336,1.1272433
14337,1.1340206
14338,0.85533303
14339,1.1802886
14340,1.1557604
14341,1.1626754
14342,1.2720982
14343,1.1002437
14344,1.1075863
14345,1.3391951
14346,1.0888242
14347,0.7878143
14348,0.8678525
14349,1.1546527
14350,1.109352
14351,1.0754281
14352,1.2006468
14353,1.1802886
14354,1.109352
14355,1.1659172
14356,1.0801709
14357,0.77533305
14358,0.97303134
14359,1.183696
14360,1.1938882
14361,1.1656325
14362,1.2716912
14363,1.051983
14364,0.85533303
14365,1.1705633
14366,1.1118178
14367,1.3492084
14368,1.1629928
14369,1.0798359
14370,1.484054
14371,1.0972543
14372,1.1471955
14373,1.1439397
14374,1.1376005
14375,0.9015282
14376,1.1185752
14377,1.1119117
14378,0.95157784
14379,1.1039274
14380,1.1016303
14381,0.6796125
14382,0.751935
14383,1.066277
14384,0.8484454
14385,1.0970603
14386,0.9645322
14387,1.296128
14388,0.8462495
14389,1.1666982
14390,0.77498055
14391,1.1151592
14392,1.1904025
14393,1.1723844
14394,1.0849969
14395,0.9546738
14396,1.292241
14397,1.104617
14398,1.1541196
14399,1.140768
14400,1.1629928
14401,1.109352
14402,1.1477444
14403,1.1212165
14404,1.109352
14405,1.0220306
14406,1.1074816
14407,0.7418115
14408,0.8528378
14409,0.7842416
14410,1.3650367
14411,1.1639777
14412,1.1626754
14413,0.77489376
14414,1.1633153
14415,1.1067536
14416,1.1629928
14417,0.8947629
14418,1.109352
14419,1.1560147
14420,1.0674464
14421,0.78206515
14422,1.109352
14423,0.76836
14424,1.1435757
14425,0.74142045
14426,1.223356
14427,1.1399127
14428,1.3353609
14429,0.95157784
14430,0.95157784
14431,0.85533303
14432,0.8705543
14433,1.2840917
14434,1.0766951
14435,1.0920678
14436,0.85533303
14437,1.1786301
14438,1.109352
14439,0.96979666
14440,1.1330887
14441,1.2046288
14442,1.2474092
14443,0.7051959
14444,1.109352
14445,1.1373489
14446,1.1131685
14447,0.8766082
14448,1.1254699
14449,0.7249191
14450,1.3708665
14451,1.1936336
14452,1.0853215
14453,0.99082077
14454,0.9405442
14455,1.2140088
14456,1.1904025
14457,1.271444
14458,1.1473936
14459,1.1354157
14460,1.1046351
14461,0.85533303
14462,0.751523
14463,1.1552107
14464,0.751523
14465,1.1179897
14466,1.109352
14467,1.0654389
14468,1.1337796
14469,1.1639777
14470,1.2532898
14471,1.2705555
14472,1.0647765
14473,1.1306369
14474,0.85533303
14475,1.1600175
14476,0.751523
14477,1.0858293
14478,1.1676044
14479,1.109352
14480,1.1596116
14481,0.77091426
14482,0.94954586
14483,1.139946
14484,1.0521089
14485,1.0858293
14486,0.9000251
14487,0.99343985
14488,1.1609291
14489,1.1797792
14490,1.1629928
14491,1.133852
14492,0.99586195
14493,1.1990272
14494,0.85502225
14495,1.1132634
14496,0.751523
14497,1.1560147
14498,1.2538911
14499,1.138524
14500,1.080207
14501,1.1729559
14502,1.1050882
14503,1.109352
14504,1.0860672
14505,1.2243589
14506,0.85449654
14507,1.220841
14508,1.182907
14509,1.1253182
14510,1.2850584
14511,0.751523
14512,1.0365056
14513,1.1451832
14514,0.763838
14515,1.0041664
14516,1.1626354
14517,1.1186309
14518,1.109352
14519,0.85533303
14520,1.1678197
14521,1.2026579
14522,1.1010681
14523,1.1577224
14524,0.74247193
14525,1.2773862
14526,1.1597117
14527,1.238348
14528,1.1228244
14529,1.2949734
14530,0.77042496
14531,1.109352
14532,1.1904025
14533,1.0855753
14534,1.4152272
14535,1.109352
14536,1.1109152
14537,0.97394216
14538,1.1272992
14539,1.1253182
14540,1.1094217
14541,1.202697
14542,1.2122878
14543,1.1390055
14544,1.0017618
14545,0.8530204
14546,0.85533303
14547,1.1170129
14548,0.8455233
14549,1.1688074
14550,1.4650756
14551,1.1056076
14552,0.85533303
14553,0.85533303
14554,0.8628576
14555,1.1045221
14556,0.9679562
14557,1.109352
14558,1.1581577
14559,1.1632844
14560,0.7943513
14561,1.227748
14562,1.1336102
14563,1.1242656
14564,0.8522954
14565,0.93753624
14566,1.1094217
14567,1.1029322
14568,1.109352
14569,1.1040289
14570,1.1788574
14571,1.1629928
14572,0.8933158
14573,1.216674
14574,1.0710443
14575,0.8554338
14576,1.109352
14577,1.1019557
14578,1.1619993
14579,1.2400823
14580,1.1629792
14581,1.109352
14582,0.908152
14583,0.678451
14584,1.109352
14585,1.2396207
14586,0.7298779
14587,1.1038481
14588,1.2505302
14589,1.1355916
14590,1.1639143
14591,1.1065981
14592,0.95157784
14593,1.1185752
14594,1.1629928
14595,0.87372065
14596,1.1220063
14597,0.875143
14598,1.052041
14599,1.162638
14600,1.173927
14601,1.1253182
14602,0.81828547
14603,1.109352
14604,0.8561846
14605,1.1469678
14606,0.7496046
14607,0.99136376
14608,0.85533303
14609,1.0824927
14610,1.1010721
14611,1.1553239
14612,1.2140819
14613,1.109352
14614,0.92163116
14615,1.109352
14616,1.0838436
14617,1.1468779
14618,0.85533303
14619,0.95157784
14620,1.153938
14621,1.0534312
14622,1.1706266
14623,1.1170129
14624,1.1002437
14625,1.1010681
14626,0.8460401
14627,1.1629928
14628,0.850196
14629,0.9513549
14630,1.109352
14631,1.1556833
14632,1.2143509
14633,1.1479884
14634,1.1175025
14635,1.0824007
14636,1.1056255
14637,0.95157784
14638,1.1168792
14639,1.1556833
14640,1.2244277
14641,1.1068369
14642,1.0884452
14643,0.9869349
14644,1.111415
14645,1.1537743
14646,1.107656
14647,1.340266
14648,1.1170572
14649,1.1564349
14650,1.1629928
14651,1.109352
14652,1.2640506
14653,0.8774484
14654,1.122172
14655,1.097236
14656,1.1042341
14657,1.1072209
14658,0.6860393
14659,0.8532829
14660,1.1961793
14661,1.0499854
14662,0.751523
14663,0.94033176
14664,1.1560147
14665,0.7534901
14666,1.3046677
14667,1.1253182
14668,0.9607701
14669,1.3267101
14670,1.0858293
14671,1.2059882
14672,1.1000298
14673,1.1853763
14674,1.1253182
14675,1.4096763
14676,1.111986
14677,1.2405157
14678,1.1629928
14679,1.1615928
14680,1.109352
14681,0.9070105
14682,0.9333301
14683,0.85533303
14684,0.8455932
14685,1.1045035
14686,1.1102157
14687,1.1253182
14688,1.0497203
14689,1.1832244
14690,0.85533303
14691,1.1253182
14692,1.1051676
14693,1.1239297
14694,1.1003134
14695,1.1390513
14696,1.1632844
14697,1.4946183
14698,1.1121835
14699,0.751523
14700,1.0615304
14701,1.1175658
14702,1.1253182
14703,1.1265858
14704,1.1563227
14705,0.85533303
14706,1.053509
14707,1.2459036
14708,1.352663
14709,1.1121421
14710,1.1629928
14711,1.1185752
14712,0.85533303
14713,0.87372065
14714,1.1489542
14715,1.0576279
14716,1.109352
14717,1.1390328
14718,1.0836676
14719,1.3614029
14720,0.95157784
14721,1.1832244
14722,1.08381
14723,1.1627647
14724,1.136415
14725,1.1762621
14726,1.1251848
14727,1.1629928
14728,1.1115209
14729,0.78579164
14730,1.2009705
14731,0.74524844
14732,1.1520773
14733,1.1253182
14734,0.85533303
14735,1.1629928
14736,1.1498094
14737,1.3155612
14738,1.1253182
14739,1.1079111
14740,1.1629928
14741,1.2611299
14742,1.1072192
14743,1.090538
14744,0.84402317
14745,1.1253182
14746,1.2293767
14747,1.1523287
14748,1.112304
14749,1.1469277
14750,1.223356
14751,1.1510473
14752,1.1419828
14753,1.0070225
14754,1.1629928
14755,1.1239562
14756,0.77026767
14757,0.93548673
14758,1.1253182
14759,1.1519849
14760,1.1557604
14761,1.1128325
14762,0.7523497
14763,1.0852791
14764,1.1040142
14765,1.0823684
14766,1.109352
14767,1.109352
14768,1.104845
14769,1.0790993
14770,0.8740791
14771,1.0986688
14772,1.109352
14773,1.1561009
14774,1.0893302
14775,1.1629928
14776,0.751523
14777,1.1203171
14778,1.1883785
14779,1.160093
14780,0.95157784
14781,1.0618248
14782,1.1422006
14783,1.109352
14784,1.2494828
14785,1.1668234
14786,1.1000301
14787,0.87372065
14788,1.0195453
14789,1.2533631
14790,1.4053736
14791,0.95157784
14792,1.3097903
14793,1.1253182
14794,1.1924633
14795,0.8071017
14796,0.85533303
14797,1.0041664
14798,0.85533303
14799,1.1253182
14800,1.1629928
14801,0.9265566
14802,0.7558611
14803,1.129712
14804,1.124107
14805,0.95157784
14806,1.2439137
14807,1.0838436
14808,1.0370905
14809,1.1412843
14810,0.75150347
14811,1.109352
14812,0.7189156
14813,1.0630623
14814,0.83946186
14815,1.1171266
14816,0.91905147
14817,1.1082069
14818,1.0954722
14819,1.109352
14820,0.79446125
14821,1.0736107
14822,1.2236681
14823,0.8554338
14824,0.751523
14825,1.116026
14826,1.2634386
14827,1.1113232
14828,1.1133176
14829,1.1089568
14830,1.1596127
14831,1.109352
14832,1.1055055
14833,0.93753624
14834,1.1832244
14835,1.1091486
14836,0.85533303
14837,1.4217861
14838,1.1655272
14839,1.2103739
14840,1.1901958
14841,1.1425014
14842,1.145257
14843,1.1650338
14844,1.1048844
14845,1.1671821
14846,1.2127792
14847,1.1316085
14848,1.1069895
14849,1.1658953
14850,0.95157784
14851,1.2635446
14852,1.1847959
14853,1.1595074
14854,1.1064222
14855,1.1084185
14856,1.1612706
14857,0.67825925
14858,1.114079
14859,1.1977891
14860,1.1050701
14861,1.4181415
14862,1.2951431
14863,1.5378112
14864,0.9531402
14865,1.1185752
14866,1.1072192
14867,1.1572598
14868,0.7944751
14869,0.95157784
14870,0.82539546
14871,1.4341859
14872,0.8351072
14873,1.0148764
14874,1.1447542
14875,0.7307855
14876,0.93963563
14877,1.107289
14878,1.1094217
14879,0.85533303
14880,1.1135663
14881,1.1519849
14882,1.3805264
14883,1.1490077
14884,1.1087304
14885,0.846702
14886,0.925806
14887,1.109352
14888,1.109352
14889,0.97331387
14890,1.2290835
14891,1.1253182
14892,0.87369436
14893,1.1931218
14894,1.0442274
14895,1.2590165
14896,1.064538
14897,0.85533303
14898,1.1389027
14899,0.7682603
14900,1.1640475
14901,1.1668134
14902,0.85533303
14903,1.0345324
14904,1.1626754
14905,1.0668839
14906,0.90863615
14907,1.079837
14908,0.751523
14909,1.2477895
14910,1.1629928
14911,1.1185752
14912,0.95157784
14913,1.1632642
14914,0.85541517
14915,1.109352
14916,1.2321162
14917,1.1629928
14918,1.173927
14919,1.1182845
14920,1.1196711
14921,0.79446125
14922,0.751523
14923,0.89751655
14924,1.1559179
14925,1.0715102
14926,0.9578929
14927,1.108142
14928,1.1907843
14929,1.1036873
14930,0.89846456
14931,1.109352
14932,1.1438147
14933,0.77489376
14934,0.95157784
14935,1.0458953
14936,1.1308367
14937,1.0993165
14938,1.052041
14939,0.9762014
14940,1.1050681
14941,1.133826
14942,1.1870841
14943,0.81980157
14944,0.90498495
14945,0.8464952
14946,0.9820041
14947,1.109352
14948,1.4115456
14949,0.963124
14950,1.1306369
14951,1.1037136
14952,1.1014705
14953,1.0871047
14954,0.94772285
14955,1.1184239
14956,0.9424838
14957,1.0429739
14958,1.1838303
14959,1.1320971
14960,1.1185752
14961,1.1312702
14962,1.4085859
14963,1.2986526
14964,1.2358402
14965,1.3737719
14966,0.76996815
14967,1.140375
14968,1.133852
14969,1.1175646
14970,1.2005379
14971,0.8802743
14972,1.1010721
14973,0.87122303
14974,1.1467644
14975,1.1185752
14976,0.9054465
14977,0.8551686
14978,1.0802156
14979,0.8021259
14980,1.2336328
14981,1.109352
14982,1.2329923
14983,0.750211
14984,1.157179
14985,1.1186309
14986,1.2324024
14987,1.1560206
14988,1.1644971
14989,1.3945309
14990,0.85294664
14991,1.1253182
14992,0.9914559
14993,1.1629928
14994,1.0088226
14995,0.8573516
14996,1.1253182
14997,1.112446
14998,1.260665
14999,0.784453
